pep0,AP,logP,PI
CNYD,1.91751,-3.76,3.6095
DHTW,1.99704,-1.91,5.128388889
MANS,1.77099,-1.14,5.229
EAVN,1.47205,-4.52,3.40655
TSGS,2.06813,-2.32,5.805166667
HAWM,2.13022,2.15,7.209444444
REFQ,1.97311,-4.5,5.69975
YAIK,1.89036,-1.47,8.0189
VYLA,1.87449,1.92,5.772888889
CGEH,1.78683,-4.87,4.78775
ASSG,1.67818,-2.57,5.2331
NCLE,1.62787,-3.21,3.5114
WVLC,2.05516,3.82,5.552333333
KPPR,1.48188,-4.89,9.8102
MGHN,1.95058,-1.44,7.235
VRET,1.93976,-5.23,5.69655
MSVH,2.03633,0.56,7.292777778
YWFF,2.57214,6.22,5.778166667
TANI,1.75292,-0.48,5.2272
RFCG,1.83593,-1.23,8.2655
TMVW,2.1746,2.97,5.813055556
PCPK,1.74133,-3.06,7.40885
EKDE,1.1848,-13.7,3.60345
CQHL,1.96767,0.39,6.908388889
NMDW,1.92913,-1.73,3.631833333
RGQQ,1.36463,-4.5,8.89025
VSNE,1.84575,-4.48,3.52415
MQVP,1.74465,0.22,5.22675
TADP,1.60883,-4.53,3.26105
VKKY,1.72186,-4.43,8.73675
APPA,1.54684,-1.28,5.24485
KVYL,1.90405,-0.38,8.799277778
CFLY,2.11458,3.69,5.531944444
NWDW,2.03452,-0.31,3.632833333
KANL,1.54023,-2.9,8.13005
PIIR,1.65021,0.29,9.045
LYEV,1.92765,-1.21,3.805
KENW,2.00404,-5.19,6.315833333
GAKG,1.31539,-5.6,8.17155
RWAI,1.86984,0.9,9.876666667
RNKG,1.23138,-6.61,9.7596
AWMW,2.26434,4.35,5.824444444
WQSI,2.14824,1.98,5.802833333
EFMQ,1.74492,-2.02,3.4076
ARDK,1.39118,-8.75,8.24345
AYHE,1.94566,-3.53,5.390055556
HTIQ,2.02916,-0.01,7.200444444
MNYG,1.85775,-0.62,5.769111111
FSCT,2.151,1.02,5.511111111
IMEI,1.55604,-0.72,3.45495
PLMN,1.70779,0.93,5.25135
EWAN,1.87675,-2.89,3.4065
IHEN,1.90376,-3.47,4.78715
LGET,1.5814,-3.78,3.45
PMQH,1.92078,-0.35,7.298777778
WHSL,2.36927,2.77,7.231444444
RGGF,1.86167,-2.4,9.877111111
PDVC,1.77437,-3.3,3.29135
GHHA,1.9821,-1.87,6.6601
FAAI,1.84212,1.83,5.804444444
WRVV,2.14193,1.2,9.907333333
CHKF,2.12699,-1.18,8.133111111
CRGW,2.0202,-0.85,8.292722222
SKNE,1.92217,-7.74,5.7271
TDNA,1.55098,-5.24,3.26895
TCVD,1.80795,-3.41,3.689666667
DFDL,1.72503,-4.32,2.99785
LMKK,1.57014,-3.68,9.0748
LTNF,2.05884,1.86,5.815388889
MGEA,1.34494,-4.61,3.4555
WHRS,2.13105,-0.29,9.910833333
AIFP,1.8576,2.19,5.802
TLIG,1.76151,0.97,5.796611111
CRYL,1.96792,0.17,8.225055556
WFMH,2.24519,4.36,7.293111111
EEVG,1.27112,-7.95,3.2167
CRFF,2.09672,1.63,8.275166667
INRI,1.72909,-0.42,8.9268
YTYW,2.25783,3.26,5.791944444
LWAC,1.98846,2.86,5.556333333
RPEC,1.85145,-5.56,5.4987
PIFN,1.99283,1.84,5.827111111
QIPF,1.91455,1.92,5.798722222
ECKV,1.81273,-5.95,5.43785
GTFW,2.14516,2.4,5.812888889
TIER,1.9365,-4.57,5.74775
WTGY,2.37408,1.4,5.817333333
NTFI,2.02473,1.73,5.801333333
HDKC,2.07758,-6.53,6.9425
MLKS,1.79435,-1.34,8.1514
VQVL,1.78555,1.4,5.808055556
TLTE,1.76787,-2.88,3.916833333
VVYV,2.11478,2.09,5.770666667
CWFM,2.26049,4.49,5.506777778
FYAA,2.06009,1.42,5.762277778
VYMC,2.00529,1.86,5.583944444
FYCM,2.14707,3.11,5.537444444
PDIF,1.93404,-0.95,3.644222222
HWNM,2.18644,1.8,7.208777778
GLYY,2.02604,1.52,5.821777778
WHSG,2.26078,0.37,7.235722222
KLAA,1.52107,-2.55,8.131
IRIH,1.82375,0.32,9.9725
RCLA,1.609,-1.04,7.4302
KYMR,1.70953,-3.23,9.01005
HVCL,2.00758,1.62,6.903277778
GWNG,1.97374,-1.06,5.23215
KSGT,1.7425,-4.66,9.035444444
DTYI,2.00695,-2.06,3.20195
KFIS,2.03708,-0.43,9.031
PECK,1.80792,-6.55,5.4863
KIFS,1.99202,-0.43,9.030388889
MQLK,1.65851,-1.65,8.24685
KHGS,1.94462,-4.52,9.049333333
ADCH,1.84296,-4.23,4.691
QKCS,1.69437,-4.01,7.30975
LAIG,1.54652,0.72,5.2236
YELF,2.08467,0.04,3.787
MITK,1.76177,-1.26,8.24845
NLVP,1.77685,0.72,5.22345
WESI,2.0382,-0.88,3.838111111
GILT,1.7698,0.97,5.800666667
FYTD,2.20758,-1.47,3.680888889
REIG,1.73869,-5.47,5.695
AYFL,2.06039,3.17,5.772611111
LSIH,2.12791,1.8,7.292333333
NSNV,1.9504,-1.7,5.22465
CVRV,1.75306,-0.87,7.457
FKEV,1.97407,-4.26,6.310055556
QART,1.48489,-3.33,8.9085
HEFQ,1.92207,-2.8,4.76225
MTSA,1.77837,-0.54,5.22945
YVWT,2.2311,3.01,5.786
NPSF,2.09244,0.26,5.813111111
FEAK,1.99635,-5.22,5.7268
NQYQ,1.84807,-1.68,5.196
LAIH,1.85526,1.76,7.292888889
EPVR,1.7602,-5.12,5.75185
KTSL,1.9148,-2.26,9.035888889
DHVF,2.09512,-1.58,4.6017
CGKM,1.7018,-3.26,7.3085
FDVS,2.05701,-1.93,3.623055556
TYPI,1.97999,1.44,5.766722222
CYHP,2.22768,0.48,6.923777778
FIAQ,1.79126,1.56,5.799277778
DIWN,1.9538,-1.28,3.21775
CMPP,1.74619,0.41,5.5265
YCAA,1.90489,-0.27,5.534944444
FVVL,2.01107,3.88,5.800888889
LNFI,2.02621,3.23,5.805888889
VKPM,1.75368,-1.81,8.16445
FHLI,2.13088,3.97,7.221722222
VKET,1.9702,-6.22,5.6804
VFIM,1.94483,3.96,5.807055556
NHFA,2.04134,0.25,7.236333333
LSRK,1.55774,-3.82,9.79785
KSAG,1.55018,-4.91,8.13205
TNCT,1.99071,-1.33,5.521388889
HMDD,1.64432,-6.72,3.65405
DRMC,1.88992,-4.76,5.33815
PLLM,1.67278,3.03,5.828388889
SLSV,1.95436,0.79,5.799777778
HPKI,1.84447,-1.93,9.029611111
DEAC,1.21278,-7.75,3.0937
GIVE,1.56582,-3.2,3.52345
SQPS,1.88686,-1.83,5.809444444
AGFD,1.76428,-3.58,3.33915
TKNG,1.74679,-5.05,8.154
YSHP,2.24052,-5.55e-17,7.17
PTFW,2.378,3.41,5.838388889
CVVT,1.90994,0.69,5.503777778
TKFI,1.95911,-0.22,9.058666667
GSML,1.73709,0.31,5.2287
QWCR,1.84882,-0.47,7.54335
WTYG,2.21206,1.4,5.766444444
QAPC,1.63297,-1.39,5.00635
MWRW,2.09791,3.04,9.902833333
TSNL,1.96468,-0.31,5.803944444
RPWP,1.92372,-3.33e-16,9.88
TVRK,1.58429,-4.4,9.79785
EVGI,1.64341,-3.2,3.4075
ACAD,1.34745,-4.62,3.3269
QFLS,2.00864,1.73,5.8
TLYH,2.12255,1.6,7.270388889
IRLE,1.79611,-3.07,5.7278
YFLY,2.19848,4.38,5.797555556
RCRD,1.67159,-7.24,7.55015
REYK,1.74337,-7.53,8.01665
SAWK,2.09256,-1.67,9.165
MTCV,1.89037,0.9,5.514555556
LTEY,2.01197,-1.92,3.856888889
SNFM,2.14122,1.07,5.807166667
DQEH,1.43945,-8.15,3.7823
HRVF,2.16277,0.25,9.849944444
LEDC,1.35838,-6.0,3.1559
QHTT,2.06968,-1.38,7.223388889
SRCL,1.76064,-1.0,7.4675
TVKV,1.94924,-2.13,8.1543
GEAF,1.74825,-3.57,3.46085
NEWN,1.94824,-3.24,3.4524
RAQA,1.11266,-3.58,8.8907
AGTT,1.68874,-2.15,5.23265
GTVY,2.05347,-0.23,5.811055556
EVRP,1.82424,-5.12,5.69935
AFYH,2.09665,1.81,7.265666667
NFMG,1.93269,0.38,5.805611111
SEWA,1.96236,-2.5,3.840888889
LSDA,1.63922,-3.35,3.2678
DCGE,1.23514,-8.4,3.09805
VVFG,1.95404,1.48,5.805722222
ICKM,1.77087,-0.99,7.3301
IRSC,1.80563,-1.13,8.383722222
CNFN,2.03432,0.03,5.513055556
CIHR,1.92104,-0.78,8.373388889
ENTN,1.68236,-5.58,3.406
FKMS,1.9382,-0.88,9.057333333
LNMC,1.85952,1.09,5.0048
EAKD,1.33024,-10.57,3.84395
IDAS,1.64129,-3.48,3.26445
RMEI,1.64738,-3.65,5.69995
QHAW,2.03257,0.71,7.224777778
AYHG,1.99,-1.05,7.213777778
STQE,1.73699,-5.11,3.52555
YEIH,2.08415,-1.91,5.327555556
WRAQ,1.89809,-0.99,8.91515
FCLM,1.96779,3.65,5.509833333
GPNV,1.69987,-1.68,5.23355
CWMC,2.06392,2.8,5.4685
TMIY,2.09241,2.25,5.812555556
GCQV,1.63689,-1.44,4.97575
SVLN,2.03029,0.4,5.804277778
YVRD,1.96824,-4.28,6.172444444
KIKN,1.38766,-5.33,8.99175
PAMK,1.58644,-2.77,8.2523
CWRF,2.22315,2.01,8.284833333
CHLR,1.87771,-0.65,8.364611111
AFYV,2.10338,2.38,5.772444444
VMPM,1.77379,1.66,5.813555556
ATYC,2.03331,-0.02,5.581
YFNC,2.05612,1.59,5.537333333
LLDP,1.67405,-1.28,3.259
FSAW,2.31032,2.84,5.806777778
YREF,2.22109,-3.02,6.282111111
IMDR,1.80895,-3.66,5.59745
MKEM,1.70966,-5.09,5.6854
PYMA,1.87784,0.74,5.809
IFVC,1.98134,3.31,5.546055556
QLTS,1.87767,-0.23,5.801222222
CRFA,1.91267,-0.58,8.278444444
PSWL,2.21741,2.74,5.837111111
MSHA,1.96,-0.4,7.236055556
TPPV,1.80695,-0.07,5.812444444
MTHH,2.13642,0.2,7.454611111
LNPP,1.7787,0.12,5.2281
LQEQ,1.34942,-3.92,3.4523
QYQR,1.63333,-2.64,8.19975
DPRN,1.6861,-6.44,5.5488
TEKV,1.97558,-6.22,5.67545
EMCG,1.51963,-4.09,3.37645
TENQ,1.55679,-5.5,3.45125
VLTM,1.86406,2.13,5.807388889
ERWG,1.88067,-4.5,5.70055
RNNL,1.71509,-2.26,8.88905
MGNW,2.02114,0.76,5.812444444
IHGS,1.9885,-0.6,7.238444444
YKCQ,1.84914,-2.84,7.3162
YFEQ,2.01602,-1.98,3.784555556
NKLA,1.53074,-2.9,8.1625
AGYF,2.05432,0.77,5.785
YYNL,2.22312,1.82,5.792388889
MTSR,1.76831,-1.85,9.0281
SKYT,2.10384,-2.8,8.811111111
LNKP,1.74802,-2.54,8.1724
DLYE,1.52685,-5.31,3.09845
PQHL,1.96385,0.23,7.276611111
GSYQ,1.76947,-1.67,5.774722222
RFPN,1.90672,-1.09,8.88735
CKYR,1.70067,-3.88,8.2743
WTQP,2.15805,0.93,5.8105
AWHD,2.03327,-2.16,5.295222222
IPMY,1.94183,2.36,5.823888889
WFGD,2.27058,-0.99,3.708666667
DEHQ,1.37817,-8.15,3.77825
WLFA,2.11548,4.55,5.804444444
GYTQ,1.93623,-1.46,5.1984
VNRA,1.47633,-2.7,8.9289
NYLG,1.98053,-0.04,5.766333333
IFRE,2.01658,-2.61,6.366222222
TGTA,1.81449,-2.15,5.810722222
VLNF,2.05402,2.57,5.813555556
FMKG,1.87416,-1.57,8.15605
VNTG,1.80082,-1.79,5.2304
FWTV,2.33919,4.01,5.805888889
PPID,1.65473,-2.8,3.3466
QRDP,1.62041,-6.36,5.5502
QGPC,1.64427,-2.04,5.00435
MSTE,1.75719,-3.67,3.5234
LCLI,1.70912,3.64,5.514388889
NNKL,1.68966,-3.25,8.1618
TNKF,1.93125,-2.19,9.054388889
ILTF,2.0059,3.83,5.8085
GIGT,1.68111,-1.43,5.22665
TYIH,2.27786,1.47,7.269777778
IMWP,2.01193,3.74,5.808555556
RVNG,1.57071,-3.35,8.88955
KQSM,1.66926,-3.36,8.1304
HSCK,1.94223,-3.35,8.244444444
QREA,1.38492,-6.71,5.70135
EFQK,1.82887,-5.49,5.73135
QKIE,1.65609,-6.08,5.724
QPMP,1.64738,-0.38,5.23015
KRWE,1.93462,-6.15,8.239
FMHW,2.43658,4.36,7.235666667
MFSM,1.92173,2.59,5.809555556
IDMV,1.59515,-1.39,3.2666
QVDL,1.63515,-2.7,3.27
KAIR,1.30005,-3.99,9.8102
ACDQ,1.27935,-4.89,3.24385
GAYH,2.02452,-1.05,7.267222222
EFNL,1.92439,-1.52,3.40685
KHPM,1.95023,-2.38,9.049111111
TAYQ,1.99727,-0.81,5.768222222
WSPV,2.15207,1.95,5.806055556
RVFA,1.78304,-0.14,8.88785
DMQV,1.62411,-3.28,3.2181
QCNF,2.0152,0.11,4.96915
YLCY,2.21863,2.69,5.537222222
VWYG,2.27244,2.11,5.776277778
EVHM,1.88448,-2.61,4.77495
VESQ,1.60224,-4.4,3.45135
MVLC,1.75957,2.4,5.546166667
MKTW,1.99112,-0.29,9.057555556
PSNL,1.94684,-0.2,5.25195
PERW,1.97637,-3.49,6.373055556
KMNT,1.8073,-3.23,8.13075
WRFR,1.94677,0.18,11.67494444
RPWN,1.92615,-0.71,8.88935
WTDR,1.93559,-3.61,6.219555556
TMFT,2.13293,1.88,5.811722222
CIIL,1.76661,3.51,5.496777778
IELY,1.81084,-0.55,3.857388889
SMAC,1.81132,-0.27,4.99825
QPCQ,1.49887,-1.66,4.9645
WDFW,2.31139,2.25,3.630611111
PWWD,2.16196,0.4,3.719277778
SRSM,1.99153,-2.06,8.90955
GDQP,1.42717,-5.7,3.25755
VGLQ,1.62946,-0.21,5.22055
STNG,1.98921,-2.71,5.2257
HPYG,2.02494,-0.69,7.17
YKVK,1.75664,-4.43,8.72935
IETC,1.67567,-2.74,3.4695
WADY,2.13903,-1.34,3.651777778
SLMK,1.8371,-1.34,8.24895
SMMI,1.83657,2.0,5.807388889
CPKR,1.54659,-4.73,8.50715
RSMK,1.46837,-4.4,9.80995
IVLC,1.75143,2.85,5.542
YHPK,2.16076,-2.34,8.913388889
TDMQ,1.54852,-3.99,3.2642
SRPC,1.81716,-2.39,7.5468
IIVH,1.97469,2.59,7.286722222
IQGY,1.89084,-0.09,5.815166667
SKVQ,1.70219,-3.57,8.14345
VMTW,2.19263,2.97,5.8185
HNQH,2.02097,-1.84,7.4565
HLPV,1.97258,1.46,7.201777778
FTCC,2.05786,1.5,5.503777778
PPYL,1.94399,1.68,5.806722222
KVHF,2.05105,-0.74,9.048944444
LCQH,1.90231,0.39,6.998722222
YGVS,2.07362,-0.44,5.7755
DMKD,1.49158,-9.41,3.67665
YRHT,2.04001,-1.46,9.021111111
CGCW,2.08553,0.98,5.459555556
NGSH,2.0577,-2.57,7.294777778
GPCP,1.73074,-1.41,4.9735
YGGQ,1.84672,-2.36,5.20115
RGYF,2.12685,-0.54,9.009722222
CYCM,1.94974,1.42,5.457277778
RNVC,1.68022,-2.18,7.53565
PHNH,2.18666,-1.21,7.4475
SDWH,2.17508,-2.12,5.243944444
SRWA,1.8603,-0.68,9.902055556
GMNK,1.52827,-4.13,8.2498
AWVD,1.87575,-1.59,3.710666667
YTNS,2.20886,-0.85,5.781
ATRQ,1.44079,-3.33,8.9303
KKMV,1.56747,-4.47,8.99095
ANIS,1.85058,-0.69,5.22745
FDKY,2.29063,-4.02,6.153111111
HQWT,2.1848,0.96,7.209
HTKM,1.97574,-2.49,8.1265
LLWM,1.97552,5.26,5.807
FGFG,2.03449,1.12,5.802444444
FMHI,2.11368,3.39,7.231388889
RCNY,2.01975,-1.93,8.328
KVAI,1.67927,-1.72,8.13095
CNTT,2.00031,-1.33,5.514166667
KNKK,1.14264,-9.25,9.3026
PEPQ,1.50897,-4.68,3.45505
MQVS,1.81373,-0.1,5.807
MPCK,1.72025,-2.25,7.4049
TMGV,1.79839,-0.27,5.805722222
KEDP,1.5447,-10.21,3.82025
WRHT,2.02354,-0.08,9.911222222
TCSM,1.9049,-0.02,5.518222222
QNRT,1.68344,-3.68,8.90795
KNGV,1.71609,-4.34,8.12875
ICQM,1.7259,1.04,4.97715
PNTT,1.91682,-1.49,5.25105
MDAD,1.14777,-7.11,3.0742
MKVQ,1.59344,-2.44,8.1474
TDSW,2.05213,-2.26,3.634222222
CHDV,2.03547,-3.27,4.58725
HQHA,1.9628,-1.49,7.357833333
TDMI,1.73739,-2.1,3.2699
NHQG,1.86619,-2.88,6.51615
MHTH,2.11454,0.2,7.452222222
MPNT,1.84146,-0.57,5.2306
IWFS,2.28975,4.46,5.801944444
FSHG,2.14457,-0.01,7.230777778
EQGP,1.49275,-5.69,3.40605
GPEW,1.82974,-2.83,3.841055556
DYQE,1.45371,-7.33,3.0986
VRVK,1.5048,-3.69,9.79785
IPEQ,1.58923,-3.42,3.45155
EHTM,1.86533,-3.32,4.7741
EDNE,1.06467,-11.75,3.01135
QKFY,1.93448,-1.15,8.905777778
DFEK,1.8877,-8.36,3.8022
FEGI,1.86962,-1.95,3.4514
HPVR,1.96579,-1.6,10.03116667
HSQA,1.87385,-1.84,6.48685
VPDR,1.87258,-5.13,5.6031
NKMQ,1.43534,-3.75,8.1565
HPFK,1.99348,-1.34,9.163222222
HQQE,1.65791,-5.28,4.783
SIHG,2.05782,-0.6,7.221722222
LIGE,1.57247,-2.41,3.5216
GCVS,1.83844,-1.13,5.527111111
MVIP,1.74138,2.11,5.802555556
CGWT,2.1765,0.71,5.510166667
DTNV,1.79111,-4.28,3.2179
CCFL,1.98645,3.0,5.446555556
KRLF,1.76484,-1.65,10.86627778
CLLK,1.75084,-0.28,7.40535
HLNY,2.1734,1.0,7.248777778
SKFI,2.03559,-0.43,9.0545
CIYF,2.17837,3.56,5.517944444
WNWD,2.11961,-0.31,3.709277778
EMPP,1.62503,-3.24,3.40675
PVQY,1.94186,0.26,5.827166667
YVMP,1.9512,1.7,5.796
ELQA,1.25563,-3.65,3.4075
IAWH,2.13416,2.6,7.294666667
FPYS,2.23315,1.82,5.763555556
WWWW,2.27903,8.36,5.809222222
FDWA,2.10657,-0.34,3.625888889
KNEV,1.76978,-6.82,5.68305
QDCI,1.63241,-3.27,3.2505
EMDA,1.10107,-7.1,3.09075
SPGR,1.72329,-3.56,9.026
PQNR,1.44932,-3.57,9.0496
IWDT,2.10349,-0.68,3.627166667
SQHY,2.19375,-0.63,7.2605
NNQC,1.79565,-2.45,5.008
LKVI,1.7806,0.03,8.1682
DVGC,1.63801,-4.31,3.19885
QVWP,2.09795,1.64,5.808944444
GDNY,1.7883,-4.93,3.28475
PMPE,1.56807,-3.24,3.52785
IDRL,1.86361,-3.08,5.54085
KEPE,1.45624,-10.2,3.9977
ILVT,1.86171,2.58,5.798166667
DACN,1.51952,-4.97,3.19945
GKEG,1.6447,-8.73,5.68095
HRCL,1.9511,-0.65,8.280388889
RSMW,1.98173,0.49,9.879055556
PGNE,1.48596,-5.77,3.5274
SMKN,1.81593,-3.44,8.1506
YDST,2.04481,-3.64,3.581111111
CWAA,1.96071,1.11,5.516555556
GIGK,1.54332,-3.98,8.2495
CSGF,2.09835,0.12,5.495055556
HGSP,2.03346,-1.86,7.202055556
GPDI,1.57398,-3.81,3.2672
PENV,1.59905,-4.16,3.4583
YWGW,2.39296,3.74,5.788666667
HPIH,2.20459,0.76,7.453888889
KRPT,1.52175,-5.0,9.77965
DHQR,1.91994,-6.33,6.56575
HNHF,2.14495,0.64,7.354944444
GLED,1.2973,-7.17,3.17465
MMGS,1.70713,-0.27,5.809222222
NAMW,2.04939,1.41,5.812611111
IAQV,1.63731,0.31,5.2267
PWNT,1.94816,0.85,5.831388889
THEG,1.85107,-5.14,4.7852
KLNM,1.73623,-1.73,8.12985
AKDA,1.47035,-7.44,5.53815
RGTY,1.98003,-2.5,9.108666667
TTRT,1.89985,-2.56,9.905166667
QFHP,2.06202,0.69,7.223777778
HYIC,2.18246,1.74,6.957944444
LDYS,1.90599,-2.14,3.604888889
QVHI,1.93785,0.7,7.221833333
NQCW,1.926,0.49,5.534055556
FDNG,1.86417,-3.93,3.2606
WLGE,1.93693,-1.44,3.913444444
NTQY,2.08535,-1.16,5.823444444
YLAY,2.15046,2.17,5.800388889
PIHS,1.99881,0.41,7.273666667
VLFF,2.14494,5.13,5.813611111
HEPN,1.75323,-4.73,4.77685
VMMD,1.67685,-1.84,3.34035
IGEN,1.55448,-4.51,3.4523
FQAM,1.8623,1.11,5.806
VSLH,2.08373,1.14,7.292944444
DASA,1.3639,-5.1,3.2181
YNMY,2.23199,1.24,5.813722222
GQDA,1.09171,-6.06,3.26685
TMTH,2.09824,0.06,7.295166667
SHAP,1.98974,-1.21,7.225777778
WDYH,2.08722,-0.95,5.221166667
DQWA,1.74619,-2.82,3.21715
HIMK,1.94558,-1.12,9.1645
NFKH,1.93071,-2.05,9.145666667
MMTK,1.7157,-1.71,8.24925
TQWF,2.34899,2.78,5.813611111
KKNG,1.23011,-7.6,8.992
NMNG,1.7143,-2.18,5.22675
IWDK,2.01197,-3.23,6.200333333
VTYM,2.17917,1.59,5.774
KCSC,1.80966,-3.22,7.920888889
SMLP,1.74612,1.32,5.806777778
YPLL,1.92673,3.07,5.781777778
DCMV,1.66316,-2.49,3.1981
WVVA,2.01463,2.51,5.807833333
IFVK,1.94238,0.49,9.162111111
GHNF,2.10952,-0.4,7.243611111
VILN,1.86333,1.98,5.22025
CKVK,1.60779,-5.12,8.32205
PVKP,1.83375,-2.62,8.19875
GAIA,1.42381,-1.03,5.2336
TERD,1.78669,-9.33,3.89325
YPMC,1.97311,1.26,5.547
EVVT,1.76181,-2.96,3.4081
AWRK,1.58833,-3.02,9.79785
GMFD,1.80871,-2.41,3.710944444
RLFY,2.12961,1.86,9.107777778
GWTP,2.05686,0.55,5.808555556
YHCK,2.13333,-2.18,8.241111111
ISSD,1.84585,-3.44,3.712666667
KITV,1.83239,-1.47,9.032833333
IHRA,1.87204,-1.3,8.93165
CLRK,1.54738,-3.34,8.50105
RCCY,1.941,-1.06,8.011166667
IRLQ,1.68241,-0.21,8.92285
SFPL,1.94208,2.36,5.806666667
PVTS,1.97367,-0.39,5.828611111
HMRV,1.85864,-0.79,8.8674
FFTA,2.16726,2.67,5.810166667
LSEM,1.63694,-2.17,3.45325
SKPD,1.94595,-7.04,5.581
QNVQ,1.50069,-1.93,5.22315
ANSG,1.65094,-2.96,5.23365
IDPR,1.75003,-4.47,5.59715
CRQT,1.60128,-2.81,7.45975
VQAG,1.50618,-1.96,5.2321
GAED,1.07438,-8.92,3.17465
EWYM,2.04903,-0.16,3.755222222
HQFH,2.17448,0.72,7.451555556
LWNN,2.10229,1.64,5.811666667
LDLW,2.05358,0.95,3.6315
RSRM,1.47288,-3.41,10.4823
ARNQ,1.10079,-3.93,8.92775
YQFE,1.93117,-1.98,3.799444444
RTNR,1.37248,-4.72,10.5092
VHDE,1.69063,-6.92,3.84735
PCQP,1.75742,-1.03,4.9931
NIIW,2.14616,3.48,5.8055
EYDS,1.62766,-7.02,3.0932
ELTQ,1.52823,-3.4,3.40695
HLFS,2.22421,2.39,7.197222222
PECG,1.55473,-4.9,3.42625
DFCE,1.71997,-5.54,3.09745
QCKF,1.94602,-1.84,8.122777778
KIRG,1.3888,-4.64,9.77965
PGPE,1.51935,-5.06,3.52795
DPCT,1.75592,-4.01,3.1983
RWIL,1.89496,2.65,9.874555556
WRDR,1.97134,-5.17,9.912333333
WPFQ,2.18417,2.89,5.807388889
WVDR,2.05558,-2.9,6.221222222
VEQC,1.62792,-3.92,3.47085
RKVC,1.57473,-4.13,8.507
CPAT,1.78127,-0.87,4.96365
REAG,1.57168,-7.09,5.69915
VDNG,1.65503,-5.18,3.26455
IVWY,2.28745,4.38,5.814722222
SAYK,1.97523,-3.05,8.910611111
TCIF,2.02737,2.6,5.521388889
TNFK,2.04258,-2.19,9.161777778
GKAT,1.58028,-4.7,8.1681
FIES,1.97449,-1.26,3.832166667
HYET,2.03587,-3.28,5.289833333
VHFI,2.13504,3.18,7.234333333
FLFA,2.00307,4.17,5.802777778
HHTP,2.27477,-0.61,7.353055556
LTMG,1.71949,0.52,5.22745
DCHG,1.81655,-4.88,4.596
ETGC,1.66348,-5.01,3.3764
EVTY,1.94423,-2.71,3.37865
RMMM,1.57672,0.2,8.89205
YADE,1.56001,-7.06,3.1001
MMLD,1.60006,-1.05,3.34175
VPAC,1.80314,-0.16,5.00435
DQNM,1.44868,-4.59,3.2164
MCGA,1.5543,-0.96,4.96415
MSAV,1.75528,0.17,5.22785
WWPW,2.37715,6.13,5.809555556
GCVS,1.83844,-1.13,5.527111111
AKPY,1.82588,-2.73,8.909055556
MCYG,1.79223,0.25,5.539666667
QWFC,2.24414,3.05,5.557388889
CWQH,2.11479,1.23,6.984277778
ICII,1.78339,3.38,5.521666667
EKTI,1.78095,-5.56,5.6751
CRDL,1.85773,-4.18,5.2874
EVKE,1.49419,-9.6,3.99425
KYFW,2.26048,1.71,8.797055556
SRCF,1.93522,-0.54,8.288444444
SYEL,1.93532,-2.13,3.807666667
VYMF,2.10722,3.55,5.781
QVPT,1.77431,-0.7,5.22625
NLCL,1.7872,1.67,4.96785
MGLD,1.63562,-2.87,3.3407
QLHQ,1.82941,-0.4,6.501
SKGQ,1.62667,-5.18,8.1448
MCIY,2.09206,2.52,5.568611111
NYDM,1.81454,-3.11,3.2457
VHQH,2.17657,-0.53,7.449888889
YNEK,1.96846,-6.57,5.70525
PMPI,1.71751,1.51,5.840555556
SHKN,2.06243,-4.22,9.056388889
EPNV,1.66246,-4.16,3.4067
PMYK,1.88519,-1.56,8.915388889
FNHK,2.18811,-2.05,9.163611111
RYNT,1.93107,-2.2,9.013222222
NCRE,1.72325,-6.27,5.51095
PTCR,1.73735,-2.18,7.58555
QFEG,1.74764,-3.84,3.45695
VEKI,1.74557,-4.85,5.6788
HGKF,2.1477,-2.35,9.026444444
YNTF,2.16684,1.32,5.780888889
YQWR,1.95354,0.22,9.1065
MLFD,1.825,-0.01,3.713277778
GSWW,2.25392,2.57,5.817222222
CPCE,1.67804,-3.73,3.44965
CPQP,1.71177,-1.03,4.97525
FAPP,1.96437,0.93,5.809888889
SLKR,1.62132,-3.82,9.8097
MMDQ,1.5485,-3.07,3.2638
ATSS,1.96622,-1.67,5.810777778
VCGS,1.8894,-1.13,5.524666667
DQYC,1.96483,-3.68,3.2003
TDIE,1.47894,-6.4,3.16485
VIYI,1.97679,3.41,5.769
YHNH,2.18905,-0.36,7.431388889
IWYY,2.33719,4.63,5.827055556
RVAV,1.66699,-1.39,8.88925
WDYH,2.08722,-0.95,5.221166667
DEWT,1.77085,-5.43,3.09095
YKRE,1.81376,-7.53,8.011
DNCN,1.56898,-5.32,3.198
YSRH,1.99523,-1.67,9.119777778
DKCN,1.91874,-7.27,5.2884
KDRL,1.67966,-7.0,8.123
FYIS,2.21677,3.08,5.757277778
VYTN,2.0708,0.07,5.774833333
EPQN,1.16612,-5.39,3.4064
DKLQ,1.64015,-5.96,5.52805
TRDN,1.96956,-6.55,5.54335
EWMQ,1.86456,-1.64,3.4078
MWEW,2.09689,1.22,3.842944444
DMKW,1.97785,-3.68,6.1465
HCHY,2.27226,0.51,7.151166667
YMYF,2.28658,3.8,5.788055556
FLYR,2.01896,1.86,9.108388889
SLDL,1.67758,-1.6,3.2705
HTTH,2.17757,-0.72,7.455333333
IMLV,1.71303,3.5,5.804611111
GQGS,1.65631,-3.53,5.22745
EQLV,1.60945,-2.69,3.40835
KETY,2.06173,-5.97,6.325166667
ADER,1.30713,-9.58,3.86235
QVRF,1.94107,-0.41,9.896333333
SVNC,2.06944,-0.83,5.553888889
LADW,2.07084,-0.8,3.631111111
HWHW,2.26293,3.96,7.359166667
WPFY,2.39912,4.37,5.824777778
EKDV,1.73628,-9.61,3.8041
VATN,1.7705,-1.14,5.2314
CELT,1.71321,-2.61,3.40685
GCRG,1.53947,-4.09,7.496
RDLQ,1.69107,-4.97,5.5434
NPKF,1.92844,-2.08,8.15815
NMIE,1.59095,-2.69,3.52415
QCRF,1.95709,-0.85,7.45345
WNCA,2.14485,0.76,5.528222222
DHKG,1.99248,-7.7,6.4531
INNM,1.81809,0.09,5.2303
GVSA,1.57981,-1.65,5.23325
TVHN,2.19955,-0.75,7.232388889
VRGR,1.46103,-4.31,10.50745
AGMY,1.78359,-0.27,5.819888889
KHWN,2.02472,-1.67,9.048
ATPP,1.68145,-1.03,5.2348
YMFS,2.23598,2.63,5.776111111
GMYY,2.08,0.94,5.829277778
CEFN,1.98083,-2.75,3.41045
GMQV,1.60966,-0.79,5.23085
LWAD,1.86689,-0.8,3.711055556
YDFM,2.11247,-0.55,3.580055556
AQKM,1.36087,-3.4,8.17025
QGSL,1.74861,-1.13,5.21905
QWYK,2.07495,-0.77,8.908888889
WHAC,2.25838,1.5,6.980388889
NTME,1.65037,-4.06,3.52305
CRFE,2.06274,-3.71,6.094111111
HREN,2.03538,-6.4,6.4849
HRLW,2.11399,1.42,9.850111111
LHDG,1.86731,-3.65,4.6346
LTPM,1.82635,1.53,5.8105
GWNP,2.09727,-0.05,5.808444444
CDVC,1.78839,-3.14,3.2303
WCEF,2.15722,0.19,3.8115
ELEE,1.07612,-9.64,3.10905
LQAR,1.53475,-1.83,9.0321
LWAR,1.9561,1.03,10.03494444
GQLH,1.9275,-0.78,7.294944444
RWGW,2.09359,1.22,9.876222222
ANTS,1.97026,-2.06,5.23215
WNYD,2.05929,-1.69,3.685888889
CMAG,1.58201,-0.96,4.9607
QWNM,2.02494,1.14,5.805222222
ETSG,1.59491,-5.49,3.40655
KEMD,1.58615,-9.4,3.84455
CGKM,1.7018,-3.26,7.3085
EWGA,1.80381,-3.19,3.40695
SPPT,1.92959,-0.99,5.814888889
REDE,1.3407,-12.71,3.6045
DYYQ,1.94677,-2.99,3.1994
PAVM,1.65679,0.49,5.2513
HFID,2.12378,-0.92,5.125777778
HTAE,1.77558,-4.49,4.7693
NHKR,1.57213,-5.57,9.8099
PVPY,2.0233,0.89,5.827833333
DQDY,1.51608,-7.34,3.003
DQIS,1.67213,-3.75,3.21865
WKVC,2.12218,-0.23,8.215555556
SMAS,1.87098,-0.75,5.813722222
HRDE,1.78826,-9.19,4.84875
YEQA,1.6362,-4.19,3.4192
CPYR,1.92481,-1.22,8.331333333
NHKA,1.7885,-4.26,8.1643
IILL,1.74456,4.74,5.794222222
RCMP,1.66839,-1.26,7.4504
PVLC,1.83206,1.59,5.565833333
EGLD,1.30228,-7.17,3.09065
GFEV,1.90295,-2.61,3.4553
NLVE,1.6279,-2.77,3.52635
SAEV,1.6307,-4.13,3.456
DFHL,2.05022,-0.79,5.112666667
KKYF,1.90296,-3.18,9.665666667
FVIC,1.92175,3.31,5.548388889
CRSH,1.92557,-2.36,8.419944444
ASCI,1.77587,0.18,4.97725
KCVV,1.82707,-1.86,8.120222222
DQAL,1.59657,-3.66,3.21795
HSRW,1.96821,-0.29,9.852
GDCC,1.66755,-4.75,3.28665
SYHQ,1.99746,-0.63,7.197111111
ISAY,1.97005,0.87,5.808555556
MYKE,1.99083,-5.05,5.7116
IHIR,1.88483,0.32,10.02344444
NDWR,1.9261,-4.21,5.60475
VAIS,1.81624,0.62,5.2226
WWTG,2.29737,2.78,5.806777778
DIKI,1.83779,-4.2,5.52205
NNLF,2.07981,1.26,5.809666667
HKAN,1.82767,-4.26,8.1256
PRTN,1.76533,-3.05,8.9531
NDTN,1.76226,-5.59,3.2641
TVEL,1.71903,-2.17,3.4572
CSYW,2.3795,2.36,5.532388889
ESLD,1.39108,-6.48,3.091
LMPT,1.75927,1.53,5.811833333
VDQI,1.63613,-2.83,3.2676
CILV,1.77291,2.85,5.498333333
QPIE,1.47166,-3.42,3.52715
TKLE,2.00781,-5.43,5.721
MPVH,1.97176,0.88,7.2905
NMQV,1.67238,-0.49,5.22635
GRFC,1.8297,-1.23,8.386111111
WHCS,2.26514,1.54,6.942222222
RYME,2.02641,-4.06,6.348277778
WCSL,2.19949,2.9,5.518166667
GIAN,1.57038,-1.38,5.2285
RISN,1.86308,-2.0,8.88905
MTNC,1.85782,-0.41,5.00075
ANLK,1.48131,-2.9,8.24925
KWTW,2.1659,1.13,9.032111111
ANNN,1.40277,-3.05,5.23275
TAWH,2.24393,1.23,7.294833333
DAQG,1.14803,-6.06,3.2167
KEMP,1.79052,-5.9,5.68525
MVKL,1.70459,-0.42,8.1541
CNVT,1.98283,-0.62,5.512722222
EVKY,2.05875,-5.26,5.69045
WTMV,2.12811,2.97,5.806333333
EGRL,1.67723,-5.34,5.6932
DDSS,1.56671,-8.2,2.9976
TWNN,2.09317,0.14,5.812444444
EHPI,1.81225,-2.76,4.7756
RYMC,1.75628,-0.41,8.331444444
RLFF,2.16319,2.86,9.873333333
VKLG,1.69922,-2.24,8.16755
NDAI,1.54667,-3.87,3.2677
AIKN,1.51108,-3.03,8.17035
LDTI,1.71447,-1.52,3.26845
CDPS,1.7691,-4.22,3.21795
ERDW,1.77312,-6.99,3.80105
SSGD,1.83132,-5.71,3.712777778
VGKP,1.71248,-3.63,8.17235
AGLF,1.80583,1.31,5.814722222
YWVE,2.06886,-0.37,3.800444444
APPF,1.87834,0.93,5.828333333
VFSV,2.19243,2.17,5.806333333
WNNT,2.1595,0.14,5.806722222
AHCQ,1.78168,-1.36,6.25875
SCTT,1.99496,-0.94,5.516222222
NTTG,1.90051,-2.5,5.2262
WFFT,2.53213,5.26,5.806888889
SGKP,1.7514,-4.55,8.15625
TYCG,2.0499,-0.67,5.535388889
AQQF,1.80799,-0.33,5.23885
TAEI,1.61276,-3.26,3.4573
QYCL,1.87045,1.21,5.533277778
IWPM,2.00053,3.74,5.811888889
RQCA,1.40804,-3.06,7.4446
MVIG,1.65337,1.1,5.2208
GELF,1.84065,-1.82,3.46075
RAET,1.80919,-6.19,5.69955
SDAP,1.59633,-4.74,3.25935
VSGW,2.11573,0.94,5.811222222
KPGL,1.63367,-2.84,8.1296
QEVW,1.85779,-1.85,3.45935
MFTL,1.93671,3.38,5.806944444
IKRW,1.78647,-1.4,9.76915
WIPM,2.00575,3.74,5.806111111
SYWI,2.37965,3.46,5.761111111
DRRG,1.53517,-8.41,8.7167
IAPI,1.64499,1.6,5.22685
VAHG,1.89327,-1.3,7.245777778
TWMK,2.10113,-0.29,9.165
GVDE,1.33179,-7.96,3.16175
MLWW,2.28596,6.1,5.812277778
ENQA,1.09096,-5.75,3.4065
RRDI,1.68974,-6.14,8.77955
ICHD,1.89616,-2.61,5.281722222
QHLF,2.12964,2.08,7.216166667
RYKY,1.8118,-3.19,9.701055556
DWVR,2.03447,-2.9,5.59875
KFHM,2.13794,-0.53,9.048388889
RTQK,1.41514,-5.63,9.80995
KWTM,2.04235,-0.29,9.0335
GIAM,1.56492,0.14,5.22895
YECK,2.12395,-5.7,5.48135
AHNQ,1.80988,-2.23,6.5229
IVEH,1.88923,-2.16,5.375333333
HVIF,2.14006,3.18,7.195722222
AYAG,1.76103,-1.44,5.20385
LQKI,1.65459,-1.2,8.1685
RVCP,1.74315,-1.47,7.43355
DDCP,1.45932,-7.4,3.0023
TQHT,2.16034,-1.38,7.232666667
TVKF,2.14,-0.88,9.055444444
GTPV,1.76399,-1.08,5.23085
STED,1.55762,-7.98,3.17645
ATSC,1.8462,-1.19,5.0001
LFKV,1.90731,0.62,9.073777778
TSMN,1.97997,-0.89,5.809888889
YQTH,2.05605,-0.42,7.264166667
ERED,1.22348,-12.71,3.6066
SDEP,1.41295,-7.87,3.12695
CKPP,1.74073,-3.06,7.3077
ASRA,1.40875,-3.27,8.9344
EDEC,1.0981,-10.88,3.01875
WFSW,2.5054,5.43,5.806333333
MHKQ,1.86159,-3.01,8.15105
CNWW,2.30276,3.35,5.522555556
WVAI,2.0229,3.17,5.805166667
TIKF,2.06255,-0.22,9.055222222
FFML,2.15531,5.34,5.8075
KALI,1.59664,-0.93,8.1302
TCVF,2.11601,1.94,5.525944444
HDEM,1.44483,-6.71,3.7869
RDND,1.59027,-9.94,3.681
KHMQ,1.85026,-3.01,8.1437
QFAD,1.72187,-3.2,3.3422
MQCN,1.71475,-0.93,4.97055
LFHN,2.206,2.0,7.243833333
AKAK,1.15169,-6.6,9.07475
PCPE,1.58198,-3.89,3.5195
KREY,1.79197,-7.53,8.908611111
FHFT,2.31796,3.06,7.227
SMKK,1.57506,-5.39,9.07595
EWDV,1.77946,-4.72,3.09125
RMKF,1.78965,-2.23,9.7596
DCIK,1.79919,-5.3,5.3148
HMAE,1.73871,-3.57,4.77705
ECLD,1.36068,-6.0,3.1009
MFCG,1.86889,1.25,5.511888889
QCAF,1.89767,0.46,5.520944444
TPCW,2.18316,1.72,5.530944444
TACD,1.73009,-4.37,3.32355
RGFE,1.96375,-4.88,5.7457
VGKE,1.83333,-7.12,5.72445
GAHS,1.89355,-2.22,7.246444444
YNNE,1.78882,-4.62,3.4189
PQCG,1.60423,-2.04,4.99995
LYYN,2.23347,1.82,5.779111111
NWTY,2.15158,1.7,5.826111111
HEYN,1.98155,-3.88,4.7635
AEDH,1.36352,-7.88,3.8331
EPER,1.38422,-9.21,3.96685
IGTE,1.58966,-3.91,3.52245
AKWC,1.91681,-1.19,8.217
NLKV,1.73924,-1.94,8.16145
IIKE,1.82954,-4.19,5.72225
MKDT,1.89665,-6.02,5.5311
FEGP,1.82201,-3.21,3.4418
NNNS,1.87071,-3.01,5.2233
MANS,1.77099,-1.14,5.229
LTVM,1.80068,2.13,5.8055
QETH,1.73552,-4.76,4.85
TCHT,2.18026,-0.59,6.941277778
HDGM,1.80626,-4.23,4.59255
PANK,1.5925,-4.29,8.2515
WWDV,2.12612,1.0,3.629166667
YAML,1.81279,2.13,5.783888889
HIPH,2.21342,0.76,7.452055556
MACF,1.88931,1.9,5.524166667
SEYQ,1.89018,-4.15,3.4216
NLPD,1.61768,-3.38,3.34075
AIFH,2.1082,2.22,7.289222222
MNGM,1.65828,-0.66,5.22795
CPPQ,1.69338,-1.03,4.9662
EGAT,1.51797,-5.53,3.4063
IGND,1.69766,-4.52,3.33915
GSRS,1.69725,-3.88,8.9279
PDQY,1.74345,-3.84,3.29205
DQWI,1.93928,-1.2,3.575944444
CLNP,1.76846,0.28,4.9672
FKDV,2.06738,-4.27,6.141777778
LQHI,1.94427,1.49,7.241277778
FIYW,2.24126,5.63,5.764611111
DIWH,2.03856,-0.54,5.181722222
PFDD,1.60694,-5.71,3.0768
LFFF,2.30402,6.38,5.816444444
QDHN,1.76761,-5.37,4.6477
YWAK,2.09541,-0.5,8.9105
KLAF,1.91028,-0.34,9.032444444
DPNH,1.8086,-4.74,4.66535
PWRV,1.95449,0.6,9.947888889
CAFG,1.87838,0.08,5.500111111
TMCI,1.82256,1.56,5.516666667
DEMC,1.48309,-6.58,3.09255
HVIM,1.97107,2.14,7.201833333
VNGR,1.72778,-3.35,9.03145
FKNE,1.97778,-5.57,5.72595
YSVA,1.91662,0.21,5.783277778
CAWH,2.16829,1.5,6.9825
VPFI,1.92766,3.15,5.810166667
DKSH,2.03909,-7.01,7.261611111
LAPH,1.85993,0.5,7.293277778
TMDK,1.94139,-6.02,5.5809
MESI,1.71989,-2.3,3.45485
SLTL,1.91525,1.79,5.801555556
RIFC,1.93092,1.04,8.356
RHTW,2.00149,-0.08,9.905333333
PNHE,1.80123,-4.73,4.8604
KMID,1.90118,-4.65,5.5813
CGIA,1.68587,-0.51,4.9515
GISP,1.75673,-0.63,5.2209
VADQ,1.51838,-4.45,3.26235
MPED,1.36316,-6.74,3.1755
KWQH,2.00803,-1.59,9.163111111
HHSD,2.00443,-4.32,6.159166667
HACE,1.71926,-4.22,4.7604
QEAS,1.43324,-5.36,3.4533
LTYF,2.24987,3.42,5.7795
WRWC,2.10679,2.39,8.388444444
LIIV,1.80524,3.95,5.799166667
WMDH,1.96385,-0.99,5.233166667
FKCH,2.11454,-1.18,8.204777778
YGEA,1.69353,-4.57,3.41965
QVID,1.61093,-2.83,3.3441
NGSC,1.91552,-2.44,5.00015
VAQQ,1.55552,-1.58,5.22625
EEIM,1.43336,-5.47,3.21715
WPER,2.13317,-3.49,6.396555556
NVEC,1.64605,-4.0,3.47235
KGWH,1.98742,-1.97,9.163944444
CQSV,1.89528,-0.75,4.9585
LEMP,1.65735,-1.85,3.44485
PIGA,1.57202,-0.67,5.25435
MRRI,1.43446,-1.83,10.5043
MWHC,2.17642,2.67,6.983777778
KMQV,1.65482,-2.44,8.12915
ITAS,1.82642,-0.09,5.805888889
LRKN,1.39256,-4.21,9.76915
IYDR,2.08079,-3.62,6.164777778
LTGT,1.86404,-0.4,5.803
EYDE,1.21834,-10.19,3.01965
RLVF,1.93929,1.61,9.875
NNMN,1.84005,-1.88,5.22625
MRMK,1.4191,-3.27,9.79785
NIYM,2.00579,1.65,5.772111111
PNTH,2.06753,-1.35,7.296611111
PYPF,2.15277,2.14,5.814944444
SAKA,1.55603,-4.26,8.15335
TGQK,1.64383,-4.97,8.2485
IVHG,1.8891,0.32,7.239166667
WGWD,2.01155,-0.61,3.708777778
YPMP,1.89351,1.1,5.804166667
KFQP,1.87452,-2.0,8.1265
QWAP,1.92469,0.68,5.813333333
KSVL,1.73277,-1.55,9.033777778
IWSR,2.12913,0.94,10.03438889
EQRD,1.45025,-9.85,3.84065
TFWL,2.20459,4.8,5.806888889
KNQN,1.36054,-5.27,8.1291
HENT,1.9039,-4.84,4.771
WNNT,2.1595,0.14,5.806722222
FNQD,2.07403,-3.55,3.33425
EPES,1.30826,-7.86,3.2166
DIFS,2.07191,-1.27,3.577388889
PSVI,1.8411,0.98,5.833277778
FWKH,2.2454,0.89,9.146555556
ELFN,1.87352,-1.52,3.4065
QFMR,1.83009,-0.2,9.03025
ECTQ,1.47816,-4.63,3.3774
FKHN,2.07721,-2.05,9.060555556
LYAT,2.01357,1.21,5.775055556
RGWN,1.86968,-1.72,8.88965
AYHK,2.01509,-2.7,8.9155
RLNF,1.91296,0.3,9.875444444
QEYD,1.42955,-7.33,3.17135
YESM,1.95535,-2.71,3.4078
MYFY,2.26952,3.8,5.825277778
CFQW,2.18017,3.05,5.512166667
YNHG,2.01247,-1.4,7.1725
GQFE,1.68864,-3.84,3.5246
YAGI,1.79992,0.18,5.778444444
QHLN,1.93774,-0.48,6.50015
WGEA,1.84431,-3.19,3.455
MLQH,1.90878,1.04,7.293222222
MWPT,2.14934,2.37,5.815777778
AIHS,2.11211,0.05,7.243388889
AFGF,2.09864,1.77,5.816555556
VNKN,1.77562,-4.04,8.16625
RMYW,2.1472,1.66,9.014666667
RSLS,1.88044,-1.48,9.878388889
MDDT,1.35414,-6.86,3.03675
AGYT,1.97572,-1.19,5.778722222
TQAA,1.49857,-2.02,5.23445
HTHK,2.07589,-3.27,9.170833333
CILC,1.70956,2.41,5.45
RNWA,1.77659,-1.07,8.88935
HLTY,2.24432,1.6,7.243611111
NSGD,1.71884,-6.1,3.33895
APIF,1.86935,2.19,5.820444444
PDYW,2.24209,-0.98,3.616722222
ILRC,1.73854,0.58,7.54135
YLGI,1.88145,1.93,5.775666667
MSEW,2.01641,-1.33,3.842111111
GWRF,2.09835,0.84,9.917333333
KINN,1.59532,-3.38,8.12905
RPTW,2.0591,-0.11,9.878111111
NDKK,1.63336,-10.09,8.08215
YYFS,2.53719,2.67,5.780777778
SPVT,1.9924,-0.39,5.811777778
VEAQ,1.32321,-4.44,3.45095
KNGK,1.2983,-7.6,9.07215
QVSL,1.80079,0.48,5.2195
YHTK,2.0907,-2.45,8.913833333
SYTY,2.27019,0.71,5.824666667
TRNQ,1.67382,-3.68,8.91125
CTQA,1.69473,-1.5,4.96035
FNRS,2.02168,-1.41,9.902222222
GLDH,1.78731,-3.65,4.71015
MFIR,1.8946,1.69,10.02561111
EMFF,1.98392,0.46,3.785944444
PEYR,1.88286,-4.87,5.71845
GNCL,1.74774,-0.73,4.97575
LMCG,1.61617,0.79,4.97465
MGKA,1.48462,-3.78,8.15605
HDTL,1.95745,-2.75,4.58725
YTTS,2.23926,-0.25,5.775888889
IEHP,1.8267,-2.76,4.79085
YCKV,2.02634,-1.61,8.129444444
QESA,1.29429,-5.36,3.4571
VDRM,1.83052,-4.32,5.5507
KETS,1.90522,-7.14,5.6735
ATND,1.42339,-5.24,3.33785
FPMN,1.98041,1.39,5.807777778
LRMF,1.93569,1.82,9.917333333
LHQP,1.92644,0.23,7.241944444
IMKR,1.52533,-2.82,9.8097
HQKH,1.8535,-3.79,9.156777778
VKYE,2.07175,-5.26,6.338944444
WTHM,2.19207,2.4,7.239611111
HCWY,2.31443,2.71,6.947388889
SRGQ,1.54286,-4.19,8.90695
TIYL,2.00808,2.83,5.758055556
TNSG,1.84223,-2.71,5.22475
VTQW,2.17878,1.53,5.815222222
VWIL,2.05359,4.92,5.805111111
AQAK,1.15478,-4.57,8.2501
TSVE,1.81322,-3.88,3.917555556
HVFD,2.09182,-1.58,5.121611111
WAQV,2.08847,1.28,5.806944444
GQNL,1.60657,-1.52,5.23095
GFFL,2.14066,3.52,5.809833333
ILCQ,1.67651,1.62,4.97195
VRTN,1.78648,-2.45,8.92625
IFCQ,1.86429,2.08,5.525555556
IQCM,1.737,1.04,4.97795
EGAE,1.07458,-8.91,3.217
SDPI,1.68559,-3.12,3.2693
IDLS,1.72555,-1.73,3.2653
WWNC,2.3494,3.35,5.565388889
QTFP,1.93028,0.55,5.806388889
WISP,2.20318,2.61,5.803666667
PTFW,2.378,3.41,5.838388889
GETQ,1.41076,-5.8,3.44995
TQAP,1.69471,-1.66,5.22995
RDWC,2.00377,-3.34,5.940388889
NSYI,2.0816,0.52,5.767611111
SCAQ,1.71348,-1.71,4.9658
GLMC,1.64425,0.79,4.9957
LPAF,1.90275,2.32,5.821
ECKG,1.74933,-7.56,5.4378
LMRR,1.51724,-1.7,10.50745
EVMT,1.71591,-2.75,3.4071
SQDI,1.67787,-3.75,3.2695
YRWY,2.29056,1.7,8.948833333
PCWN,2.12946,1.12,5.554888889
HVLT,2.13413,1.35,7.2
VVNA,1.77376,-0.43,5.234
YVPY,2.17932,1.74,5.807388889
VQGL,1.71043,-0.21,5.2263
HFAP,2.11515,0.96,7.200666667
EWTF,2.01558,-0.08,3.786444444
CRCE,1.85706,-5.4,5.4205
LFYW,2.45925,5.76,5.777777778
ALPV,1.6743,1.07,5.814833333
LFGV,1.94004,2.27,5.803388889
WPHQ,2.00717,1.07,7.234444444
CYWT,2.38227,2.57,5.535277778
AEPF,1.84481,-2.56,3.4604
GTEM,1.59679,-4.36,3.45315
IPIF,1.92138,3.81,5.810444444
MWHN,2.27857,1.8,7.233555556
KCQC,1.71282,-3.53,7.1292
AIKQ,1.48245,-2.95,8.1672
GAVH,1.88634,-1.3,7.296777778
PREL,1.72578,-4.33,5.7293
SLPP,1.84106,0.51,5.806111111
KWCE,2.10717,-4.32,6.091611111
RHRV,1.7114,-3.27,10.4823
SRDY,2.12878,-5.2,6.168444444
TTHC,2.12655,-0.59,6.980166667
WCQG,2.03323,0.19,5.524111111
IGEV,1.65672,-3.2,3.4542
DCYP,1.9598,-3.05,3.2014
GHET,1.77942,-5.14,4.79135
VMCK,1.80582,-1.65,7.40635
PVGD,1.64114,-4.47,3.3447
GSWE,1.85358,-3.15,3.915944444
PHLP,2.00326,0.86,7.273
CSVP,1.85609,-0.12,5.514055556
WQGS,2.15875,-0.29,5.802944444
QNCR,1.50138,-3.41,7.5538
CERD,1.64389,-9.06,3.8344
MLNA,1.74297,0.57,5.2298
KTYP,1.97143,-2.48,8.800888889
PANI,1.63068,-0.37,5.25445
HSDQ,1.73756,-4.98,4.595
NPRE,1.63185,-6.43,5.7384
EDWA,1.62736,-5.68,3.09065
EMDG,1.20227,-7.75,3.0903
DNRR,1.65968,-8.11,8.9236
QTMD,1.4847,-3.99,3.3429
RGSS,1.78638,-3.88,8.89165
EDGC,1.40032,-8.4,3.0927
RKAI,1.50212,-3.99,9.7596
WIFY,2.36639,5.63,5.810444444
LCLN,1.7468,1.67,4.9695
NRRS,1.55013,-4.93,10.5043
QHNC,2.02196,-1.71,6.28335
YIPR,1.89931,-0.12,9.105
LWYM,2.21213,4.72,5.777333333
TKWD,2.0684,-4.6,6.202944444
VYHV,2.23888,1.52,7.210277778
LEPN,1.60393,-3.37,3.45065
MMFV,1.9294,3.51,5.807944444
LLYV,1.90158,3.67,5.763888889
QSMA,1.5676,-1.06,5.22865
PYHR,2.06348,-1.35,9.124444444
PHQE,1.83558,-4.65,4.85955
SGLC,1.79522,-0.34,5.541944444
RSTQ,1.59544,-3.29,8.89125
WCAE,1.79287,-2.02,3.905333333
NFWQ,2.20285,2.18,5.808222222
RDWA,1.88356,-3.86,6.167944444
TIQQ,1.75078,-0.67,5.223
SCKI,1.85866,-2.12,8.1405
DYWT,2.23308,-1.09,3.555333333
YEPV,1.84609,-2.6,3.797111111
FWMG,2.26824,3.32,5.8065
CEAV,1.64063,-3.65,3.41465
MKKE,1.62331,-8.56,8.05545
KLHS,2.07086,-2.12,9.051166667
DMRD,1.55086,-8.42,3.674
LISQ,1.6919,1.14,5.21695
RAHS,1.91121,-2.88,9.907388889
KKIR,1.23477,-6.29,9.9381
GYTD,1.79732,-4.33,3.685833333
WFMI,2.15267,5.59,5.806111111
CAMD,1.56159,-3.45,3.2251
NYAL,1.89154,0.61,5.1936
DKPM,1.84917,-5.91,5.5296
GIHH,2.10413,-0.25,7.449388889
LKRN,1.41557,-4.21,9.76915
DMQC,1.59389,-3.72,3.1982
MSED,1.41161,-7.06,3.17515
DRCS,2.0523,-5.89,5.29115
TQVI,1.79114,0.56,5.803222222
VWDY,2.13744,-0.38,3.652833333
MVGI,1.71997,1.1,5.801333333
NVVF,2.05833,1.78,5.809333333
HIET,1.99658,-2.87,5.287666667
RRIT,1.58551,-2.75,10.4823
SIPI,1.80076,1.64,5.803277778
VRDN,1.86219,-5.84,5.5521
LVSL,1.86781,2.5,5.8015
YQNC,2.03514,-0.89,5.545722222
RPTD,1.90573,-5.84,5.60585
PLSA,1.75073,0.15,5.2549
IAHR,1.88319,-1.3,9.0275
NTWR,1.80123,-0.82,10.03622222
KMSA,1.65484,-3.09,8.1321
WIKR,1.80121,-1.4,9.8097
GREF,2.00644,-4.88,5.6963
AGSA,1.50408,-2.61,5.23685
NWPR,1.86603,-0.71,9.0301
NQQW,2.10568,-0.3,5.2268
NALR,1.47772,-1.91,9.03135
FQWN,2.31886,2.18,5.808388889
QFKV,1.99754,-1.4,8.1469
NLII,1.72083,2.64,5.799
LTAM,1.65067,1.17,5.2303
LFAP,1.81963,2.32,5.805444444
TFYW,2.26658,4.26,5.769555556
GCPQ,1.56137,-2.04,4.98005
NHGN,2.03552,-2.96,7.238722222
IIWD,1.99389,0.69,3.713611111
LLGP,1.70125,1.21,5.7955
ITHN,2.03743,-0.09,7.2425
QALP,1.56755,-0.16,5.22735
AIGQ,1.48287,-1.3,5.2235
GCRF,1.92352,-1.23,7.4771
RAGI,1.52866,-2.34,8.8901
VTTR,1.80542,-1.85,9.0331
FCGH,2.18157,0.47,6.997111111
NLFT,2.09296,1.86,5.801611111
PELF,1.83064,-0.81,3.851777778
YVQI,1.97407,1.52,5.782944444
HYPL,2.12124,1.71,7.167944444
WGWN,2.11352,2.18,5.807
RAHT,1.94321,-2.67,9.907
MFCA,1.81861,1.9,5.514944444
NCEL,1.63556,-3.21,3.4245
RVRR,1.20574,-4.97,10.74315
GEYD,1.47744,-7.71,3.16865
MHVM,1.93638,1.69,7.232
HYWY,2.56499,3.4,7.245
CHTM,1.96949,0.33,6.907611111
ELWS,2.0793,-0.75,3.785944444
KNHT,1.94879,-4.01,9.050222222
QDVW,1.88327,-1.86,3.2705
RVMC,1.71669,-0.66,7.5411
DDLY,1.6545,-5.32,3.0015
FWKL,2.34545,2.25,9.059555556
ACHL,1.95399,0.66,6.949333333
EQTH,1.75837,-4.76,4.8164
FVNA,1.96101,0.82,5.806444444
MRSQ,1.59875,-2.37,8.91145
METV,1.714,-2.75,3.4541
KSLM,1.80377,-1.34,8.13095
LMHI,1.86172,2.93,7.243833333
IAQY,1.82189,0.56,5.816388889
PPKK,1.52282,-5.88,9.0749
FTKE,1.98774,-4.97,6.362277778
RFMH,2.05655,0.46,10.03005556
KKSH,1.74616,-6.17,10.08027778
DNYL,1.87077,-2.53,3.19895
FLDL,1.86604,0.57,3.627444444
LPDI,1.71077,-1.41,3.26745
IRGY,1.86178,-1.13,9.108777778
NVFP,1.96994,1.18,5.805722222
ESNG,1.63853,-6.09,3.4048
ETHP,1.96859,-4.13,4.77635
FGCV,1.89721,1.04,5.509833333
CQGY,1.86605,-1.19,5.541
DKKY,1.92855,-8.53,7.92525
FHYA,2.31569,1.81,7.193166667
TEMY,1.9276,-2.5,3.47135
ISWM,2.12238,3.42,5.809777778
SPRR,1.47322,-4.22,10.50745
PMGV,1.69931,-0.16,5.25215
DLYA,1.7629,-2.18,3.20025
NMAG,1.46824,-1.83,5.2302
GFDQ,1.756,-3.85,3.26305
HMGK,1.81589,-3.39,8.2489
CLEE,1.46139,-5.99,3.21885
NHPY,2.2296,-0.39,7.261722222
NCHY,2.19313,-0.23,6.992944444
SPHC,2.10505,-0.69,6.982555556
NHVL,2.02714,0.75,7.234888889
FNID,1.92117,-1.66,3.706
TVHV,2.14774,0.56,7.229444444
NGVP,1.74861,-1.68,5.2254
SLSR,1.89228,-1.48,9.0255
KHNM,1.85032,-3.09,8.14395
CPEV,1.67728,-3.29,3.41565
GDAS,1.51127,-5.75,3.2636
EYLA,1.7663,-2.17,3.3786
WMAC,2.05145,2.28,5.562666667
QVLT,1.84732,0.69,5.22155
RTSM,1.7517,-1.85,8.89255
LCRP,1.68722,-0.68,7.4921
SITH,2.13398,0.3,7.292833333
REDN,1.61773,-9.93,3.80865
MSAE,1.50457,-3.92,3.5241
RWGG,1.89198,-2.02,8.89015
DNGP,1.65057,-5.78,3.21585
RWAM,1.93039,0.45,9.877833333
RQQN,1.28969,-4.2,8.8897
LEAW,1.95481,-0.79,3.4557
KKRP,1.22161,-7.55,9.9053
YVHR,2.09719,-0.75,9.1125
LNQW,2.11592,1.72,5.815222222
KCNW,2.07638,-1.54,8.120833333
GAMV,1.63008,-0.52,5.2304
GWFT,2.08377,2.4,5.808055556
CFHV,2.24228,2.08,6.906666667
SQFL,1.95259,1.73,5.803277778
PCKY,2.04196,-2.21,8.232222222
NFDN,1.98233,-3.63,3.2641
KRWA,1.66538,-3.02,9.77965
YMYQ,1.94081,1.32,5.7925
PSMP,1.82426,-0.07,5.8375
NACH,2.0307,-1.44,6.997555556
QKMN,1.42229,-3.75,8.14795
LILL,1.64988,4.87,5.793666667
ALRM,1.57186,-0.39,8.9307
ETAG,1.44129,-5.53,3.4068
QVIY,1.90263,1.52,5.813666667
GQIG,1.50225,-1.95,5.2283
DERC,1.63822,-9.06,3.7889
RIMP,1.63873,-0.16,8.8884
ALKK,1.29692,-4.85,9.07515
ESQY,1.87184,-4.15,3.37845
HIAL,1.88065,1.76,7.196277778
IEWY,2.16033,0.29,3.857444444
KREY,1.79197,-7.53,8.908611111
NRPT,1.71545,-3.05,8.91935
EYKT,1.90449,-5.97,5.64075
HWAQ,1.92276,0.71,7.209
PYSE,1.91743,-3.52,3.911666667
TGQS,1.93578,-2.63,5.806611111
SMWL,2.12466,3.55,5.810611111
ERNW,2.03929,-4.2,5.7042
MHIL,1.92069,2.93,7.223
WRFL,2.19369,3.24,9.907444444
ARQN,1.16586,-3.93,8.9304
EASC,1.56525,-4.57,3.377
DQPK,1.61318,-7.35,5.58205
DGMD,1.28436,-7.76,2.9949
YWSK,2.15428,-0.46,8.910333333
DFKF,2.23444,-3.02,6.141944444
RMFN,1.84958,-0.28,8.88825
DSKR,1.75601,-8.71,8.2406
KRPT,1.52175,-5.0,9.77965
AAPN,1.43891,-1.99,5.23855
LLGC,1.70512,1.37,5.540333333
WRGT,2.06705,-1.12,9.906444444
EPFK,1.95216,-4.86,5.7311
CFYK,2.17965,-0.36,8.226444444
PSFP,1.98336,0.97,5.834555556
GACH,1.88931,-1.74,6.999666667
CCPW,2.12137,1.99,5.465444444
YFNQ,2.19018,0.8,5.783222222
TYIW,2.26295,3.67,5.769055556
NLHQ,1.95691,-0.48,6.51425
ENLV,1.71867,-2.77,3.40745
RWEY,2.12521,-2.64,6.352944444
CDNC,1.65089,-4.45,3.2283
SVDW,2.10811,-1.55,3.633888889
RLIE,1.74345,-3.07,5.7457
HWEC,2.15236,-1.63,5.285277778
HISS,2.00807,0.09,7.199055556
PCER,1.79489,-5.56,5.4973
IINQ,1.72687,0.62,5.22115
PIHY,2.30167,1.58,7.269722222
RILR,1.54212,-1.25,10.5092
SIPY,2.11432,1.23,5.816222222
YVTT,2.21293,0.67,5.781055556
HRLN,1.9401,-1.52,8.86525
WTPA,2.02493,1.2,5.8135
ETFD,1.74664,-5.81,3.09175
NRIL,1.69651,-0.29,8.9199
TATS,2.07114,-1.46,5.813555556
ASVW,2.12854,1.59,5.818388889
MRDT,1.93063,-5.03,5.54555
VTSY,2.22501,0.46,5.811611111
RKNY,1.72467,-4.75,9.00955
IQQW,2.06236,1.67,5.811388889
PRQQ,1.46036,-3.49,8.9507
PRAQ,1.50983,-3.22,8.951
HADT,1.84078,-4.5,4.5903
FDRY,2.19909,-3.03,6.168055556
CADQ,1.41664,-4.89,3.2177
MYRH,2.04866,-0.54,9.089888889
VVVN,1.86381,0.53,5.22535
AMLG,1.52506,0.27,5.23365
HNFM,2.11766,1.42,7.207
PMIP,1.72062,1.51,5.837166667
LNFN,2.10192,1.26,5.807388889
AFWW,2.35602,5.39,5.820444444
NEYK,1.92691,-6.57,5.69525
QMAN,1.37253,-1.45,5.22895
SVHF,2.30101,1.6,7.222444444
MMEA,1.45213,-2.79,3.45615
PYCM,1.96285,1.26,5.578833333
SMNM,1.8466,0.03,5.23015
IAHG,1.8644,-0.64,6.5173
AGYI,1.74497,0.18,5.775888889
VNAL,1.7384,0.36,5.23225
QYPK,1.78951,-3.0,8.01855
YLFI,2.1195,4.79,5.774833333
VCTH,2.09799,0.12,7.000944444
ANWD,1.89611,-2.9,3.709555556
GKFF,2.19424,-0.53,9.070222222
QNMI,1.69302,0.17,5.22585
PEYG,1.78556,-4.21,3.4274
RPPD,1.79189,-5.73,5.6108
SQAK,1.61701,-4.53,8.2486
GEAF,1.74825,-3.57,3.46085
NHTK,1.92332,-4.01,8.24905
WMGN,2.06739,0.76,5.807111111
GGVI,1.65839,-0.72,5.2289
QDYH,1.85751,-3.81,4.7029
LQHS,2.10111,-0.09,7.244944444
WGYN,2.2158,0.8,5.768666667
EASI,1.61934,-3.47,3.40755
RDRR,1.42323,-9.07,10.2808
LSRL,1.77637,0.23,8.92945
YKVT,2.08771,-1.88,8.798722222
CMLF,1.92974,3.65,5.497055556
YTQF,2.17218,1.4,5.776555556
MDKP,1.80637,-5.91,5.5295
GTEV,1.6311,-4.57,3.45425
TLAY,2.00235,1.21,5.811111111
EMPF,1.82822,-1.39,3.40745
MIME,1.6244,-1.17,3.52365
NNMQ,1.64749,-1.8,5.22435
KWNT,1.97824,-1.81,9.032222222
CIWP,2.0574,3.09,5.516722222
HKHV,1.99555,-2.56,9.040722222
RFLC,1.85439,1.17,8.358111111
MMDS,1.66388,-2.76,3.26495
FHRV,2.0832,0.25,9.908777778
DIGY,1.88012,-2.96,3.20055
TGIR,1.76176,-2.09,9.0236
WFHF,2.24065,5.4,7.2335
VWPP,2.08709,2.27,5.811111111
SNII,1.87444,0.93,5.803388889
KMWF,2.03051,1.67,9.0315
KIHM,1.89471,-1.12,9.0495
QEGR,1.71894,-7.36,5.74915
PKWP,2.02831,-0.99,9.107888889
EKHP,2.02728,-6.68,6.4525
EAKK,1.47771,-9.73,8.0825
VFGC,1.93511,1.04,5.548166667
HDYL,2.04215,-1.79,5.102222222
AGIG,1.47336,-1.68,5.23095
KDCQ,1.79644,-7.19,5.2887
QWCC,2.02247,1.36,5.519944444
CVID,1.77116,-2.04,3.5845
FHSR,2.04502,-0.67,10.03088889
CLAF,1.97404,2.48,5.4945
LIHE,1.79366,-1.37,5.382722222
FCGI,1.89762,1.7,5.506777778
CHDG,1.79518,-4.88,4.5865
FASV,2.06399,1.21,5.8005
YKCV,2.07061,-1.61,8.128888889
FTYH,2.41688,2.06,7.267222222
VWMS,2.2164,2.76,5.808722222
IDFC,1.97039,-0.79,3.652111111
ERCL,1.86682,-4.17,5.44115
IGQD,1.61597,-4.44,3.34005
VLLD,1.73358,-0.68,3.713944444
SYVR,2.03574,-1.1,9.108611111
ITKY,2.02116,-1.22,8.909166667
WENY,2.05484,-1.68,3.854888889
WWEP,2.26684,0.41,3.830166667
ALFK,1.74605,-0.34,9.164888889
TGHM,2.02955,-0.84,7.232722222
TILM,1.84662,2.79,5.804166667
EAFK,1.94885,-5.22,5.7254
AWDP,2.01769,-2.19,3.619111111
QPEP,1.50308,-4.68,3.4486
VRKN,1.34845,-5.0,9.76915
SGTF,2.10672,-0.15,5.805
KNYA,1.8077,-3.44,7.92
RHHK,1.73163,-4.83,10.90033333
NEVT,1.72057,-4.27,3.4512
HMHV,2.12378,0.91,7.3575
NNTS,2.08369,-2.41,5.807055556
RHTQ,1.80835,-2.94,8.91495
IDEY,1.64153,-5.44,3.15665
SYCR,2.06627,-1.54,8.329444444
DCGN,1.6437,-5.62,3.1977
GVRD,1.69582,-6.14,5.5822
NDKS,2.03799,-7.75,5.5293
MNKM,1.73716,-2.31,8.151
VLQW,2.06397,3.03,5.811333333
GWQK,1.8707,-2.63,8.24805
RMFC,1.89779,0.59,8.365944444
HPMI,1.9288,1.54,7.207333333
CCHR,1.8999,-1.88,8.030833333
TRSR,1.66095,-4.33,10.50745
RAHG,1.76071,-3.57,8.91635
TRTV,1.90537,-1.85,8.9147
QEQR,1.68961,-6.98,5.7544
CEQG,1.37702,-5.53,3.41385
NIEK,1.85611,-6.16,5.7306
HDCG,1.7911,-4.88,4.58195
FNIG,1.82529,0.83,5.802111111
SYTI,2.22801,1.12,5.759555556
GWQE,1.81718,-3.46,3.52465
RMFI,1.8206,1.69,9.875722222
IPFC,1.95134,2.71,5.5515
VLSD,1.72131,-2.39,3.713222222
CKLN,1.72916,-2.38,7.306
ENWC,1.98192,-2.37,3.37845
VWTR,2.09593,0.49,10.03455556
QVHD,1.7687,-4.06,4.7599
DQIS,1.67213,-3.75,3.21865
NNGF,2.07219,-1.14,5.811444444
DRMM,1.83123,-4.11,5.54985
QFDQ,1.71688,-3.47,3.26515
AVES,1.63371,-4.13,3.4517
VCDV,1.76754,-2.7,3.247
PQEA,1.29021,-5.04,3.46075
CGWQ,1.98658,0.19,5.510944444
DVHM,1.90388,-2.62,4.6124
ENFW,2.13231,-0.68,3.7865
WARI,1.98293,0.9,9.909944444
ANER,1.48303,-6.79,5.75375
YKPQ,1.88898,-3.0,7.9194
FQHR,2.03594,-0.98,10.03077778
KTPM,1.78767,-2.52,8.1319
FVLI,1.92785,4.54,5.797555556
YGIS,2.04086,0.22,5.772444444
SLHD,1.85616,-2.96,5.292944444
WRKA,1.69833,-3.02,9.76905
SYIS,2.18066,0.91,5.761111111
LGVG,1.61979,-0.59,5.223
PVKS,1.7997,-2.94,8.1929
PPVP,1.74216,0.04,5.837944444
LNCL,1.79702,1.67,4.9735
FPAN,1.95276,0.22,5.22775
TSLE,1.70741,-3.09,3.916333333
SHEY,1.97111,-3.49,5.334833333
DKVY,2.10667,-5.27,5.5327
ESNI,1.7531,-3.82,3.40655
HAPP,1.91149,-0.89,7.203555556
DIED,1.13315,-9.79,2.9401
NCAD,1.39272,-4.97,3.32315
TDHC,1.97765,-3.98,5.157
DWAF,2.13359,-0.34,3.575722222
RAWC,1.98319,-0.2,8.370333333
MCIL,1.67653,3.06,5.510444444
QDIC,1.61668,-3.27,3.2894
DSSG,1.68453,-5.71,3.21755
VIDE,1.49384,-5.69,3.16325
GFAD,1.82682,-3.58,3.3399
SYDA,1.95692,-3.89,3.613166667
YLTD,2.00893,-1.93,3.583666667
KKWT,1.78306,-3.76,9.990666667
VGDR,1.78321,-6.14,5.5953
AARN,1.11225,-3.66,8.93125
PYYA,2.17574,0.78,5.811944444
PDQG,1.41744,-5.7,3.27015
NRST,1.84276,-3.37,8.9201
DAPQ,1.22898,-5.05,3.21615
YMMG,1.84731,0.9,5.792888889
RWCW,2.16912,2.39,8.2685
IGSI,1.68024,0.63,5.802222222
MIWT,2.10294,3.63,5.810055556
TWCA,2.19604,1.36,5.522388889
YDMR,2.06527,-4.07,5.5708
RVLF,1.96888,1.61,9.874888889
QHRL,1.83052,-1.44,8.91395
FNLQ,1.93189,1.34,5.2213
IQRG,1.51358,-2.61,8.92755
LDHK,2.08941,-5.3,6.5349
SSDQ,1.75029,-5.33,3.26475
TLTP,1.90457,0.61,5.805944444
SYLR,1.99876,-0.31,9.106888889
YFIY,2.37892,4.25,5.798055556
PQEN,1.45084,-5.39,3.458
RQIT,1.75186,-1.71,8.8887
CTGE,1.69591,-5.01,3.4151
QPHQ,1.70937,-1.79,6.50185
SPAN,1.85096,-1.95,5.23375
ISRI,1.88595,-0.03,8.92795
YHPW,2.31041,2.55,7.168722222
VCPS,1.82692,-0.12,5.530611111
KGQP,1.5313,-4.86,8.1288
MVCG,1.66138,2.22e-16,4.96
YPPG,1.91855,-0.72,5.794222222
VRFF,2.21923,2.07,9.915222222
MDNR,1.76023,-5.63,5.60465
PKIK,1.52698,-4.62,9.07285
FGSD,2.07121,-3.54,3.705388889
TSVN,2.01469,-1.1,5.806777778
PFYF,2.3154,3.99,5.811722222
GFVN,1.89328,0.17,5.2278
WEQT,1.9601,-2.56,3.44965
VLCK,1.70658,-1.07,7.4058
QDYA,1.68346,-4.2,3.25165
RDEW,1.90431,-6.99,4.231555556
NSPW,2.11884,0.64,5.811555556
MMMF,1.86345,3.72,5.813944444
SPWR,1.99351,-0.32,10.02788889
THLN,2.16853,0.04,7.226388889
PPQV,1.74708,-0.59,5.2519
CWPI,2.07855,3.09,5.512833333
TQIL,1.71209,1.35,5.800555556
IRDF,1.99074,-2.62,6.161166667
WAQF,2.23549,2.53,5.811055556
LMHK,1.91262,-0.99,9.1675
WYMM,2.18694,4.14,5.773555556
KYCH,2.09982,-2.18,8.246944444
YIMD,1.89517,-1.14,3.583111111
DTSR,1.97873,-6.16,5.59275
LLMP,1.66759,3.03,5.802055556
CCCP,1.84147,-0.08,5.413333333
DPHW,2.03097,-1.8,5.139055556
TCLF,2.02839,2.73,5.522666667
DTHL,1.92816,-2.75,4.6015
LQDA,1.42284,-3.66,3.267
KFVL,1.96707,0.62,9.030333333
LWMW,2.21258,6.1,5.816611111
SIDR,1.99181,-4.79,5.59105
GWLS,2.06209,1.73,5.803611111
KGCQ,1.51532,-4.7,7.30935
WSRG,1.90081,-1.33,9.911111111
LWVV,2.07594,4.26,5.806333333
SPRG,1.68382,-3.56,8.9122
PYSY,2.29778,0.82,5.831722222
NTTP,1.97054,-1.49,5.811944444
SDQR,1.84572,-6.68,5.59885
QKFS,1.98922,-2.32,9.048555556
TDRN,2.01024,-6.55,5.54205
CMSY,2.08691,0.94,5.540277778
LTVM,1.80068,2.13,5.8055
CHIY,2.13749,1.74,6.967444444
CANW,2.10466,0.76,5.517722222
RMCI,1.65878,0.0,7.4441
RFFM,1.9691,2.28,9.875388889
AMIN,1.58702,0.44,5.2309
ENPK,1.72459,-7.42,5.732
NEMF,1.9063,-2.1,3.4608
LRNC,1.69302,-1.39,7.5466
PIFV,1.93389,3.15,5.829166667
NMCS,1.94726,-0.62,5.529333333
HMQL,1.90222,1.04,7.207444444
AETI,1.58971,-3.26,3.4544
FLLE,1.86549,0.58,3.910611111
DHRE,1.70387,-9.19,4.8755
GLCL,1.6323,1.37,5.520611111
LGFE,1.76598,-1.82,3.913222222
DRDR,1.85266,-10.9,5.7048
CDMH,1.99076,-3.06,4.6234
IFHF,2.19565,4.43,7.235444444
VDVM,1.69556,-2.05,3.26535
QPKT,1.59501,-3.96,8.14805
VHFW,2.40181,4.15,7.24
LIQG,1.70269,0.45,5.2217
MFFQ,2.0724,3.32,5.810944444
RDPW,1.92386,-3.5,6.172333333
SLLW,2.08587,4.13,5.802888889
VLTY,2.08093,2.17,5.809833333
MPYD,1.80449,-2.4,3.688833333
VCHK,1.9613,-2.43,8.244222222
DVTP,1.77887,-3.57,3.2184
DVQD,1.21258,-7.59,2.9957
VDWA,1.97462,-1.59,3.6305
VMQY,1.93048,1.07,5.823944444
RIVV,1.80937,0.23,8.88675
IGIW,1.98135,3.18,5.809055556
IQQA,1.42842,-0.92,5.2293
QWDM,1.91924,-1.65,3.26755
ISMK,1.84888,-1.47,8.25
QGSD,1.5106,-6.02,3.3412
WIFM,2.23541,5.59,5.801444444
KQPE,1.59551,-7.34,5.73575
ISPS,1.94988,0.06,5.804666667
ECWP,1.9393,-1.66,3.3785
PFQE,1.89377,-2.83,3.52975
MPTM,1.7366,0.95,5.2326
MPIM,1.657,2.32,5.812777778
RITK,1.53625,-3.74,9.80995
GWVC,2.04829,1.42,5.556666667
PIYG,1.90967,0.54,5.802777778
MAMR,1.59427,-0.97,9.02675
NQWD,1.86441,-3.17,3.34075
TILF,1.99971,3.83,5.799944444
SHLV,2.09866,1.14,7.219111111
TSFK,2.12013,-1.8,9.163777778
GSMQ,1.66509,-1.71,5.2264
GSHM,1.93477,-1.05,7.249722222
PERG,1.71464,-6.73,5.73385
KHGE,1.97133,-7.69,6.53025
FEVT,1.90755,-1.71,3.831277778
TWYH,2.1512,2.44,7.271444444
EPSV,1.70553,-3.77,3.4077
PPTE,1.7494,-4.16,3.5284
LVIL,1.71111,4.08,5.799944444
SEKH,2.01346,-7.0,7.258555556
TNHI,2.15919,-0.09,7.230888889
KPMH,1.97483,-2.38,9.1655
IKQP,1.64511,-2.59,8.17075
QGQI,1.56273,-1.57,5.2211
ARNY,1.81502,-2.45,8.2001
WHTP,2.35011,1.59,7.235222222
MVDL,1.7014,-1.26,3.26805
TIGD,1.73484,-3.92,3.715055556
NCRY,1.98852,-1.93,8.336333333
SFSC,2.12702,0.81,5.543666667
WMFG,2.14499,3.32,5.805888889
KEQL,1.76571,-5.95,5.678
HHVL,2.04201,1.49,7.348944444
PEDT,1.30599,-7.66,3.1338
NIGG,1.53036,-2.03,5.22215
WTIW,2.33027,5.05,5.804388889
IWHT,2.4224,2.85,7.242611111
QKIG,1.57173,-3.6,8.1491
WSKD,2.04067,-4.81,6.198166667
EDDC,1.11242,-10.89,2.94585
ARAW,1.85837,-0.72,8.9302
WGLE,1.94354,-1.44,3.913944444
ANEQ,1.08167,-5.75,3.44985
VTAY,2.03383,0.42,5.815333333
SHMD,1.89656,-3.54,5.292944444
FGGS,1.93132,-1.05,5.801444444
GNDK,1.75357,-8.44,5.5815
DQGW,1.94692,-3.47,3.21665
HEWM,1.96777,-0.98,5.303722222
IRWI,2.06376,2.52,9.916944444
HLPP,1.88403,0.86,7.200388889
QHTI,2.01627,-0.01,7.219722222
AHMH,2.11907,-0.05,7.451055556
KVKY,1.82515,-4.43,9.710222222
EKNK,1.51824,-10.08,8.0805
WSPN,2.07934,0.64,5.8075
FCVG,1.93405,1.04,5.507166667
HVLQ,1.98179,0.83,7.201333333
AWQR,1.77026,-0.99,9.0333
QNNH,1.86506,-2.58,6.56285
FRPL,1.85303,1.01,9.904111111
FDQS,1.99057,-3.16,3.25945
EMML,1.58323,-1.04,3.40765
IVYM,1.91431,2.96,5.772111111
PRCG,1.64977,-3.08,7.51715
MKWN,2.02075,-0.89,9.057222222
AGDQ,1.13021,-6.06,3.26105
HVYM,2.23986,1.73,7.169833333
VYEG,1.87789,-3.61,3.42405
FWFT,2.47535,5.26,5.806777778
LCKL,1.75986,-0.28,7.3361
CDQI,1.59761,-3.27,3.22875
CLRM,1.70913,0.13,7.458
QGIS,1.76475,-1.26,5.21955
CGWR,2.01551,-0.85,8.3685
IGTS,1.93804,-0.74,5.803444444
QNCH,1.79969,-1.71,6.2988
DPRT,1.86966,-5.84,5.5478
MPTT,1.86778,0.03,5.23625
EYYD,1.70353,-5.85,3.11085
IEQA,1.33365,-3.78,3.4552
CCDN,1.70864,-4.45,3.22405
IALK,1.56143,-0.93,8.24895
DVPY,1.92248,-2.61,3.19935
AGIV,1.58705,-0.07,5.22735
VAFT,2.07125,1.42,5.806277778
FFIY,2.39985,5.25,5.809888889
LKVD,1.88832,-4.73,5.5751
LVES,1.70209,-2.38,3.45225
HLTA,1.92777,0.39,7.201555556
PTSV,2.00647,-0.39,5.834111111
YADE,1.56001,-7.06,3.1001
WLLG,1.96786,3.44,5.794555556
LRCR,1.50627,-2.35,9.1547
PAFP,1.89959,0.93,5.8365
YTYM,2.20452,1.84,5.787888889
KRDI,1.7331,-7.13,8.12275
HHGQ,2.00295,-2.14,7.354166667
PWRC,1.96714,0.16,8.393777778
PRRG,1.29546,-4.91,10.5043
QTWA,1.7864,0.57,5.810666667
LETQ,1.67543,-3.4,3.4497
QRQN,1.36972,-4.2,8.908
FATR,1.8448,-0.85,9.03195
IYMD,1.89297,-1.14,3.687388889
VCIH,1.97857,1.49,6.997166667
PYLG,1.8293,0.67,5.8
PGCV,1.77755,-0.81,5.552722222
IANF,1.92377,1.48,5.814055556
KQKV,1.40637,-5.91,8.99115
DLSM,1.67987,-2.18,3.21795
MTKP,1.73675,-2.52,8.1605
DGSH,1.83258,-5.36,4.66555
KTNF,2.06587,-2.19,9.032888889
SRGS,1.82145,-3.88,9.897777778
SSWT,2.33709,0.92,5.811388889
FCWQ,2.13822,3.05,5.516166667
LCFH,2.20551,2.87,6.997333333
LAFW,2.14635,4.55,5.812888889
AQFD,1.69615,-3.2,3.3388
WDRD,1.93878,-7.0,4.138611111
KECW,2.09319,-4.32,6.046166667
PQVP,1.72065,-0.59,5.25165
SEMY,1.96246,-2.71,3.4709
TGSN,1.92145,-2.71,5.806166667
ISNT,2.02517,-0.44,5.805055556
QAHN,1.93424,-2.23,6.503
AYLE,1.76295,-2.17,3.51325
YHRG,1.89179,-2.36,9.018666667
PKLA,1.61016,-2.19,8.19565
RDEQ,1.50572,-9.85,3.8052
YHHY,2.32479,1.2,7.443111111
SWMC,2.18306,2.32,5.5575
SHIM,2.17235,1.22,7.221888889
GIML,1.65078,1.89,5.2269
DQNW,1.92285,-3.17,3.21695
HPSR,2.01259,-2.52,10.03277778
GVTN,1.80423,-1.79,5.2292
FGNG,2.0329,-1.44,5.22425
MPHC,1.93697,0.44,6.982888889
GVFE,1.78563,-2.61,3.915333333
EFQA,1.74481,-3.19,3.40795
MIEK,1.75932,-4.64,5.7279
NCNP,1.80001,-1.82,4.96885
YERP,2.01115,-4.87,5.66315
WAME,1.86349,-1.37,3.913833333
PIQW,2.04501,2.3,5.836111111
FSWS,2.31109,2.88,5.803555556
IPND,1.68115,-3.51,3.3391
LERM,1.7614,-3.52,5.69795
AYGW,2.01294,1.15,5.784944444
RTNM,1.69263,-2.24,8.8916
FRMK,1.70951,-2.23,9.79785
WAAK,1.86593,-1.71,8.24945
FCFQ,2.10206,2.67,5.510777778
HTFG,2.11431,0.2,7.199
SSGQ,1.85602,-2.84,5.226
GNHQ,1.76969,-2.88,6.5231
NHHL,2.29794,0.18,7.390722222
QNMS,1.83215,-1.41,5.22405
WWNQ,2.19579,2.56,5.805388889
CRFL,1.90043,1.17,8.274888889
RFDW,2.35097,-1.65,6.166777778
LGPD,1.56019,-3.68,3.3377
DVMM,1.68517,-1.84,3.2171
FAEP,1.85692,-2.56,3.4436
NLPA,1.5887,-0.24,5.2298
FYFD,2.32352,0.49,3.681611111
PAQL,1.66884,-0.16,5.25435
ECGW,1.92245,-2.67,3.3769
NADI,1.41176,-3.87,3.2677
FSGD,2.00216,-3.54,3.705222222
NNNI,1.86089,-1.43,5.22605
KAFW,2.21417,0.5,9.030888889
GHKV,1.9366,-3.6,8.1698
CMVD,1.69235,-2.49,3.582333333
HLRN,1.85502,-1.52,8.8662
NVSS,2.0569,-1.31,5.800722222
SDQH,1.75786,-4.98,4.71135
WECL,1.9921,-0.27,3.802666667
MDSV,1.74648,-2.97,3.2662
MQKC,1.60747,-2.88,7.39845
LVDS,1.75272,-2.39,3.26425
VNCH,2.19983,-0.48,6.999888889
SFKS,2.20297,-2.01,9.051277778
YRFC,2.03891,0.63,8.320777778
WYYN,2.33837,2.66,5.777944444
HGLM,1.89916,0.66,7.203444444
QNLI,1.75646,0.75,5.221
TQYH,2.28875,-0.42,7.271777778
NEKY,1.95728,-6.57,5.69655
NKMR,1.27971,-4.79,9.8097
NYPM,1.99898,0.39,5.775111111
EMPQ,1.43912,-3.87,3.4073
VTND,1.83116,-4.28,3.34
HKRT,1.68665,-4.97,9.76925
FCQA,1.90019,0.46,5.514666667
RMSH,1.94911,-1.71,10.03327778
FNCQ,2.02378,0.11,4.96425
QLKS,1.71087,-2.78,8.1467
NLNA,1.53919,-0.95,5.2294
AMER,1.59354,-5.27,5.7531
QPCL,1.68513,0.36,4.96415
WLAP,1.97756,2.7,5.810722222
SCIV,1.98986,1.14,5.508722222
RITY,2.06252,-0.23,9.107777778
PINP,1.79258,-0.01,5.25105
TAPV,1.74141,-0.43,5.2314
PTGY,2.05471,-0.83,5.821666667
HIRL,1.78042,0.45,9.847833333
DCSK,1.98655,-6.88,5.31785
EFKR,1.83638,-6.53,8.2364
CRCN,1.67624,-2.62,7.14255
DLCF,1.98572,-0.66,3.1998
IPTC,1.73372,0.75,5.558055556
HHKW,2.11938,-0.93,9.039111111
WTNK,1.97963,-1.81,9.166166667
TSSD,1.92462,-4.81,3.715111111
RDID,1.62069,-7.97,3.67985
QNSY,1.98445,-1.37,5.823388889
RKRE,1.2867,-10.05,9.67495
PWCS,2.20845,1.51,5.556277778
GPKF,1.94492,-2.38,9.073222222
WTDH,2.10092,-1.91,5.234166667
AQYP,1.93889,-0.7,5.776166667
AKED,1.29441,-10.57,3.8982
AEAE,1.01647,-8.26,3.29665
SAVA,1.64429,-1.0,5.2308
QAML,1.56664,0.65,5.22675
LHIE,1.80621,-1.37,5.378666667
DLGW,1.94903,-1.45,3.575166667
HPYL,2.13908,1.71,7.169277778
DTLT,1.86103,-2.89,3.2196
YDVE,1.7028,-6.1,3.09795
TLWA,1.95779,2.59,5.810444444
TNMD,1.71709,-4.07,3.3419
SGVT,1.84514,-1.4,5.807277778
YLYM,2.09197,3.34,5.786777778
AHWR,2.01301,-0.33,10.03377778
YDKL,1.89822,-4.48,6.098777778
ITTK,1.84279,-2.18,8.2508
GKIF,2.01036,-1.12,9.071444444
QCEG,1.39116,-5.53,3.42425
WDKE,1.93139,-7.98,4.319888889
TDGS,1.77018,-5.5,3.26615
FTLC,2.00492,2.73,5.542277778
IMIL,1.64609,4.16,5.804055556
MQFK,1.82356,-1.19,8.2448
VQRQ,1.46308,-2.89,8.9243
WLQC,2.02492,2.59,5.557666667
LCNM,1.76479,1.09,4.9787
HRPP,1.93258,-2.2,8.86885
YAIG,1.82459,0.18,5.7795
IDAT,1.67218,-3.27,3.26375
VGCV,1.73531,-0.21,5.524944444
DWFT,2.32035,-0.09,3.576777778
GRWR,1.61865,-2.68,10.50745
WWRT,2.15907,2.12,9.906666667
LFFI,2.09072,5.79,5.806055556
HSGG,1.86425,-2.87,7.205944444
PPMD,1.63091,-3.25,3.3452
FGTY,2.26985,1.02,5.812944444
EVTI,1.73742,-2.3,3.4084
SRAH,2.00572,-2.88,9.974777778
VCRF,1.97677,0.38,8.302777778
ILMH,1.94456,2.93,7.292222222
DFYI,2.117,-0.1,3.557111111
YTRN,1.94965,-2.2,8.117
YCHI,2.24439,1.74,6.916277778
PNID,1.72977,-3.51,3.34635
LMRM,1.62568,0.78,8.92765
VMYK,1.94833,-0.96,8.911722222
HYYR,2.17593,-0.5,8.954222222
PNWT,2.2601,0.85,5.832666667
TVWQ,2.16737,1.53,5.812111111
LTTW,2.20921,2.84,5.814777778
ALIS,1.76072,1.41,5.801833333
LPCS,1.80127,0.67,5.531055556
WCEN,1.94527,-2.37,3.42055
CWGL,1.97504,2.21,5.505333333
KRMF,1.773,-2.23,10.86627778
NIIK,1.73527,-1.41,8.2468
MDKA,1.62423,-6.27,5.52905
NQPM,1.62894,-1.09,5.22455
LPTR,1.62379,-0.95,9.0323
CHKY,2.04535,-2.18,8.244444444
YPFH,2.34393,2.17,7.261555556
AWQF,2.11297,2.53,5.824333333
GYKV,1.94122,-2.78,8.831
PSAN,1.78806,-1.95,5.2536
NVQV,1.79614,-0.7,5.2227
VQAL,1.68534,0.44,5.23235
MKKM,1.40305,-4.26,8.99065
WHWH,2.29419,3.96,7.449444444
NQRM,1.44276,-2.76,8.9203
FKFT,2.21254,0.37,9.055666667
AEWV,1.96441,-1.58,3.8375
PMME,1.54187,-2.43,3.52825
DMIF,1.80256,-0.14,3.21935
AMKP,1.61556,-2.77,8.17735
AHGV,1.79909,-1.3,6.52235
MIEQ,1.58906,-2.61,3.45285
SSLT,2.14914,0.08,5.806722222
VIVH,2.03495,1.93,7.288888889
IFNI,2.04818,3.1,5.805277778
ANFD,1.84308,-3.28,3.33795
KVDK,1.66951,-8.78,8.07915
FILP,1.89909,3.94,5.798666667
FDCH,1.97152,-2.02,5.197055556
QGYT,1.99016,-1.46,5.765166667
CWKC,2.11524,-0.67,7.923333333
IKIF,1.95543,1.15,9.068833333
TYGC,1.96793,-0.67,5.570555556
DSLK,1.93079,-5.65,5.5742
PLVD,1.6614,-2.07,3.719388889
CVVY,2.07531,1.65,5.536944444
FWDI,2.14948,1.28,3.627555556
GSCA,1.64309,-2.09,4.97805
CSPG,1.69689,-1.73,4.96165
YISI,2.0433,2.49,5.776444444
DAFH,2.00075,-2.54,4.65055
PDIR,1.77243,-4.47,5.6043
TGGV,1.69804,-2.09,5.804833333
TKEK,1.77089,-9.48,8.0797
PDSA,1.50714,-4.74,3.2723
WDQN,1.92245,-3.17,3.2624
KFTY,2.24493,-0.63,8.908
FCAW,2.30526,3.32,5.519277778
GGSH,1.91924,-2.87,7.299055556
HLNK,1.93393,-2.51,8.24835
NGGS,1.7466,-3.61,5.2235
DFMP,1.79469,-1.4,3.2174
KPYY,2.17545,-1.52,8.806722222
CCYC,2.07079,0.77,5.409111111
RRSM,1.49937,-3.41,10.4823
NWWE,2.04265,-0.3,3.917277778
HQWQ,2.04384,0.44,7.208944444
VTCL,1.87061,1.48,5.526
PNVN,1.92526,-1.38,5.2473
VPWC,2.0843,2.43,5.564555556
SEMG,1.58005,-4.57,3.4537
ILCS,1.86589,1.93,5.518277778
KCQS,1.76993,-4.01,7.30905
HQEG,1.61437,-5.66,4.76675
SLTL,1.91525,1.79,5.801555556
MGVP,1.6738,-0.16,5.2242
CEND,1.28354,-8.1,3.10025
FTEE,1.69548,-5.8,3.29575
KYQD,2.05772,-6.5,6.1595
IQRW,1.82628,0.63,9.917277778
QTAY,1.94793,-0.81,5.8185
VGSF,1.99597,0.56,5.811555556
QSKY,1.9243,-3.32,8.9095
EVGE,1.23203,-7.95,3.21765
SWAA,2.08802,0.63,5.816444444
CQVI,1.74803,0.83,4.9551
ADWI,1.9573,-0.93,3.629555556
CDYQ,1.85032,-3.68,3.21865
WRWI,2.15751,3.49,9.9075
IPHR,1.93398,-0.94,9.02835
DDRM,1.69376,-8.42,3.6339
CTYM,2.08368,1.15,5.527111111
SLRM,1.73446,-0.35,8.9099
AAKT,1.53262,-4.05,8.1705
FLYP,1.98338,3.53,5.753666667
WKPS,2.07063,-1.31,9.060944444
FKFP,1.95007,0.48,9.062111111
RAWR,1.66791,-2.03,10.5092
RMTL,1.69889,-0.14,8.89065
GMDN,1.47721,-4.97,3.26305
NPRA,1.35598,-3.3,8.92375
PERH,2.09067,-5.69,6.5678
GTSD,1.71577,-5.5,3.34015
IEFH,2.02964,-0.91,5.371833333
IHMR,1.83108,-0.13,9.0282
ESIP,1.67584,-3.11,3.4078
TPHL,1.87205,0.75,7.231
YDEH,1.60449,-6.67,3.77565
VHWC,2.33962,2.46,6.981666667
YVHP,2.2876,0.92,7.170777778
CSLP,1.84211,0.67,5.5095
DYMY,2.09275,-1.55,3.553888889
NTSY,1.87401,-0.85,5.818666667
FLRP,1.825,1.01,9.909055556
YPMN,1.96106,0.39,5.796888889
VSQW,2.17573,1.32,5.814111111
TVRI,1.80701,-0.48,8.91515
EYDF,1.84582,-4.85,3.0934
QRTI,1.7252,-1.71,8.90875
GQSI,1.74536,-1.26,5.2279
YWLA,2.25312,3.55,5.785277778
SHRP,1.96648,-2.52,9.910222222
KYCE,2.12577,-5.7,6.081888889
YDWD,1.887,-4.48,3.339
TPLL,1.74481,2.11,5.805888889
KDVG,1.81946,-7.13,5.52525
WLDM,2.02973,0.37,3.627222222
APVP,1.66658,-0.32,5.23285
FDLC,1.8804,-0.66,3.647111111
IYWS,2.29219,3.46,5.774055556
DPDT,1.34865,-7.67,2.99825
QSRC,1.65907,-3.02,7.55495
FLWN,2.08771,4.2,5.803777778
WMQM,2.03498,2.66,5.808888889
AWWT,2.30803,3.43,5.818388889
AEKD,1.33665,-10.57,3.8949
SGLV,1.83742,0.1,5.7995
EAWY,2.03948,-1.33,3.7545
IARA,1.48833,-1.69,8.9293
FWSN,2.40629,2.49,5.803777778
YVGK,1.97962,-2.78,8.01915
YSYW,2.20129,3.05,5.792611111
VWIP,2.01318,3.53,5.804444444
VTTR,1.80542,-1.85,9.0331
ENWC,1.98192,-2.37,3.37845
AHGL,1.8256,-0.51,7.244166667
TCKF,2.02709,-1.32,8.140222222
RAGF,1.83028,-1.75,8.88925
WDWF,2.21972,2.25,3.636166667
LMPY,1.93301,2.49,5.823833333
VWGS,2.10582,0.94,5.804611111
LHIA,1.83294,1.76,7.238333333
VVLD,1.69212,-1.47,3.713722222
FGYS,2.15088,0.81,5.758555556
ANSD,1.49602,-5.45,3.3385
CQPN,1.70153,-1.74,4.9685
TQES,1.70032,-5.11,3.45435
YEGF,2.09198,-2.36,3.785888889
QRWI,1.98001,0.63,9.897611111
MCNT,1.93512,-0.41,4.9686
YYIW,2.38246,4.63,5.789277778
RCEF,1.92952,-3.71,6.048722222
GVPA,1.54646,-1.33,5.23685
ASVC,1.80866,-0.48,5.555666667
NIDM,1.61285,-2.7,3.26635
TFDK,2.10768,-4.98,6.193444444
ADEM,1.08907,-7.1,3.13125
AMVI,1.64867,1.75,5.23175
IVEK,1.79912,-4.85,5.72425
GGFH,2.01707,-0.7,7.293944444
IIVM,1.67904,3.37,5.801833333
YQDY,1.98016,-2.99,3.600166667
HVMF,2.19723,2.73,7.204722222
CQAD,1.44585,-4.89,3.2274
YKAD,2.03842,-6.23,6.154722222
IKRL,1.53083,-2.24,9.76915
HVNL,2.01429,0.75,7.202666667
AMCN,1.54377,-0.66,4.9837
TNDW,1.86572,-2.65,3.6335
NMKT,1.75309,-3.23,8.1607
AVNQ,1.53065,-1.66,5.22945
VQWC,2.17181,1.8,5.562277778
LYSP,2.06909,1.36,5.762777778
DIQG,1.44454,-4.44,3.21855
KIFV,1.91989,0.49,9.029611111
CFQI,1.99143,2.08,5.503777778
LWPC,2.08647,3.22,5.5605
HCQA,1.89528,-1.36,6.2182
EIRQ,1.60747,-5.09,5.695
EMYA,1.71292,-2.75,3.37845
KFMQ,1.82193,-1.19,8.12775
HILC,2.01387,2.28,6.944611111
YQEV,1.75484,-3.23,3.41925
RVIL,1.65171,1.02,9.874833333
PRAW,1.90221,-0.36,9.947444444
PEQF,1.81489,-2.83,3.46635
STRW,2.03564,-0.43,9.901333333
QWRV,1.98892,-0.03,9.898166667
AKGV,1.56681,-3.99,8.17205
KQRR,1.14494,-7.19,10.52735
WMWR,2.02937,3.04,10.035
FFLL,2.02709,5.92,5.8015
SHMR,2.03195,-1.71,10.02566667
EMYV,1.86097,-1.79,3.37915
YWTI,2.30993,3.67,5.783555556
LIMG,1.62618,1.89,5.803666667
MVFI,1.89002,3.96,5.801944444
GEIW,1.94392,-1.57,3.45695
LKKE,1.67384,-7.98,8.05695
EYAA,1.6593,-3.92,3.37915
STQH,1.91676,-1.59,7.294
QCYP,1.94305,-0.18,5.528944444
NRTQ,1.65148,-3.68,8.9181
WHPH,2.27826,1.73,7.448111111
SWQQ,2.04498,0.09,5.809555556
GEVD,1.26446,-7.96,3.17455
YVIL,1.93993,3.54,5.777722222
NRAH,1.87287,-3.27,8.97815
QTKN,1.61678,-4.67,8.15005
MKNY,1.9884,-2.27,8.0165
HIWE,1.95338,-0.53,5.304277778
ANIE,1.34334,-3.86,3.524
EFVY,2.07536,-0.75,3.755055556
WFGS,2.31982,2.19,5.802
DWIV,1.98956,0.03,3.577666667
TAFY,2.18269,1.67,5.807
TWLD,1.97689,-0.55,3.716222222
FCEP,1.91141,-2.04,3.791888889
LLKV,1.77314,0.16,8.1687
FQKV,1.89471,-1.4,9.059166667
VLTF,2.09166,3.17,5.815444444
KMCR,1.47155,-3.92,8.50795
TVMQ,1.7681,0.11,5.2295
NSLR,1.77954,-1.87,9.03215
IWTD,1.92982,-0.68,3.712777778
ENVC,1.65483,-4.0,3.37805
FWRG,2.02809,0.84,9.904388889
PQHT,2.05244,-1.27,7.276444444
HPGE,1.76637,-5.03,4.78065
PLLG,1.73896,1.21,5.826388889
GLQQ,1.463,-1.44,5.223
YNQQ,1.91664,-1.68,5.21005
YALT,1.94639,1.21,5.777
KPMS,1.76962,-2.73,8.13115
YCMS,2.07093,0.94,5.5305
IFHR,2.08659,0.91,10.02744444
PIEW,1.98581,-0.56,3.848388889
DATA,1.33966,-4.89,3.21865
DYSE,1.59492,-7.02,3.0982
MQYC,2.0165,0.63,5.583333333
MGSV,1.79943,-0.48,5.22315
HCSY,2.29082,0.16,6.943055556
SYFN,2.29455,1.11,5.758833333
QCGW,1.98732,0.19,5.518611111
NMFA,1.8856,1.03,5.2299
CAAC,1.60515,-0.96,4.915
MLGG,1.52368,-0.38,5.22225
MWCE,1.98402,-0.85,3.902666667
NTSF,2.21599,0.15,5.809555556
KHMG,1.74832,-3.39,9.049111111
GATY,1.88921,-1.19,5.815722222
EPHD,1.42143,-7.52,3.81165
KEHA,1.90342,-7.04,6.4454
LIYF,2.05985,4.79,5.774222222
KRNH,1.59367,-5.57,9.7999
GFCI,1.88281,1.7,5.525055556
YMCD,1.94953,-2.24,3.609611111
HLIV,1.89208,2.72,7.193888889
HMDK,1.97789,-5.88,6.5252
ASYY,2.00987,0.46,5.827444444
HFWD,2.15695,0.05,5.135388889
CFGT,1.99795,0.33,5.499277778
VKYQ,2.05474,-2.4,7.94135
QGMN,1.58033,-2.1,5.2258
NSQC,1.88486,-2.06,5.00505
TNGH,2.11738,-2.36,7.290722222
DAYL,1.78802,-2.18,3.20005
WAVS,2.10853,1.59,5.805
LYNN,1.98647,0.26,5.2014
AQGV,1.59979,-1.96,5.2321
HDKM,2.04657,-5.88,6.45175
GGIM,1.60424,-0.51,5.22905
TSIS,2.02352,-0.05,5.803388889
FTRS,2.07181,-0.81,9.904
HWAV,2.19711,1.94,7.206333333
LQWC,2.06274,2.59,5.559666667
KAKN,1.15711,-6.95,8.9928
WQYT,2.16632,1.78,5.768555556
NGFM,1.8718,0.38,5.2228
HTMI,1.9799,1.43,7.203111111
PCLT,1.75167,0.88,5.552666667
FCIW,2.31877,4.94,5.518055556
HMRS,1.93224,-1.71,9.851944444
QDAY,1.79938,-4.2,3.29015
VLLD,1.73358,-0.68,3.713944444
CGAM,1.64528,-0.96,4.95395
VKPP,1.77517,-2.62,8.1715
YSEV,1.97742,-2.92,3.798055556
PGDH,1.84997,-5.04,4.7402
LYNF,2.14218,2.82,5.780666667
LNTW,2.19086,2.24,5.816222222
DVET,1.46386,-7.06,3.0907
LRMS,1.8289,-0.35,8.9259
FRYN,2.02961,-0.24,9.009277778
TKFE,2.13023,-4.97,6.355777778
RRGY,1.62811,-4.06,9.58175
HDVA,1.79893,-3.79,4.5918
LTQA,1.77814,-0.27,5.2327
QQHN,1.88774,-2.5,6.50315
WPFA,2.17688,3.16,5.811166667
GKIH,1.8588,-2.94,9.149166667
TTRS,1.96072,-2.77,9.904166667
YFAP,2.18369,1.78,5.790111111
YGIN,1.93978,-0.17,5.780666667
PPGP,1.72276,-1.57,5.25375
GKGC,1.57979,-5.08,7.39675
PFHC,2.05187,1.48,6.986666667
DPIN,1.6192,-3.51,3.21725
RTYI,1.94024,-0.23,9.009055556
NWDY,2.09985,-1.69,3.652277778
WLAD,1.94081,-0.8,3.709722222
SGHE,1.91353,-5.35,5.406055556
NWDC,2.04645,-2.38,3.2872
YIRE,1.97194,-3.61,6.340444444
LNAC,1.71729,-0.08,5.00125
NTIE,1.77615,-3.61,3.5251
EAAK,1.51624,-7.43,5.7298
NTNR,1.78523,-3.76,9.03315
PRNT,1.68053,-3.05,8.95165
SDAL,1.63437,-3.35,3.26935
YQGQ,1.71335,-1.98,5.2053
PILS,1.85456,1.77,5.820944444
NPPP,1.69445,-1.27,5.22955
EGRW,1.91957,-4.5,5.69995
HKQK,1.55162,-6.48,9.0712
HFTC,2.26691,1.37,6.951777778
CQRV,1.6808,-2.1,7.45805
DMIM,1.68224,-1.18,3.2181
KLEN,1.81239,-6.03,5.6788
VPAF,1.99724,1.53,5.822333333
CLHS,2.17969,0.7,6.904222222
QGLY,1.87049,0.04,5.811722222
QQNM,1.43335,-1.72,5.22385
HGDA,1.74469,-5.4,4.5917
IYCF,2.11037,3.56,5.552888889
VILW,2.02752,4.92,5.805555556
PTCF,2.08066,1.34,5.565611111
EHCM,1.93589,-3.05,4.7632
KFSI,1.9545,-0.43,9.031944444
LHQN,2.04373,-0.48,6.52095
WSQH,2.00089,0.75,7.294722222
EHLG,1.64714,-3.64,4.76055
IPYF,2.23419,3.4,5.784777778
NFEH,1.99505,-2.88,5.387666667
DYHT,2.08506,-3.29,5.121944444
FAIF,2.17214,4.04,5.795333333
FRKA,1.64595,-3.4,9.76905
QWDR,1.92606,-4.13,5.6045
INRA,1.5294,-2.04,8.9288
TTAW,2.18767,1.09,5.816833333
PSQH,2.03642,-1.48,7.298055556
MNFY,2.22077,2.24,5.821777778
GWSR,1.82659,-1.33,10.03661111
QAQK,1.09745,-4.84,8.2485
ACQH,1.89543,-1.36,6.2979
MLTL,1.81389,2.92,5.805166667
QLVR,1.61509,-0.87,9.0301
EICK,1.87374,-5.29,5.47045
GGPK,1.55307,-5.24,8.2498
NPMQ,1.63436,-1.09,5.22455
YMKE,1.96536,-5.05,6.330666667
WNQP,1.93764,0.33,5.810888889
CSGH,2.08463,-1.7,6.982222222
AYNL,2.00952,0.61,5.779111111
NSDP,1.60554,-5.09,3.25865
NQGP,1.63677,-2.91,5.2269
ARRI,1.32625,-3.0,10.5043
VRRD,1.71918,-6.8,8.8369
IILH,1.92187,3.38,7.285611111
MCAN,1.69619,-0.66,4.96775
ESDK,1.69955,-10.53,3.8063
EIWS,2.09513,-0.88,3.408
VNEC,1.68015,-4.0,3.4715
EEEV,1.04721,-10.43,3.11175
RQKT,1.44146,-5.63,9.7596
VVPN,1.86205,-0.07,5.22905
DEPK,1.57548,-10.21,3.8017
FYCK,2.13931,-0.36,8.229055556
RCFK,1.74015,-2.88,8.5078
CFCL,1.9275,3.0,5.447444444
TRNK,1.44028,-5.71,9.79785
PTMT,1.86156,0.03,5.836333333
MWWP,2.27715,4.71,5.8135
GGMN,1.56016,-2.48,5.23175
IHVI,1.95255,2.59,7.233611111
FTWD,2.07222,-0.09,3.706888889
DWCV,2.07465,-1.07,3.554777778
YTAD,1.99183,-3.68,3.584166667
RSCQ,1.62044,-3.02,7.4527
QHIM,1.85951,0.91,7.222111111
IRGY,1.86178,-1.13,9.108777778
FDLW,2.12249,1.41,3.627888889
PGEM,1.555,-4.25,3.4586
MASV,1.8266,0.17,5.2259
DYQW,2.08169,-1.61,3.554388889
KEMP,1.79052,-5.9,5.68525
WTIY,2.34864,3.67,5.812722222
DSAD,1.25893,-8.24,2.9973
CEGA,1.38057,-5.26,3.4147
STQA,1.84479,-1.98,5.22925
VPLV,1.76062,2.03,5.808222222
RNQS,1.80436,-3.89,8.8902
SCAM,1.80277,-0.27,4.966
NQAH,1.97694,-2.23,6.5634
NMSY,2.06617,0.07,5.825333333
QFER,1.90224,-4.5,5.7516
EDGT,1.42983,-8.67,3.0903
CSIT,1.96965,0.43,5.498722222
IGAH,1.86105,-0.64,7.295166667
DDTV,1.6037,-7.07,2.99835
HRPW,2.10225,0.03,9.850166667
MCKD,1.84032,-5.75,5.3799
PQFW,2.05625,2.89,5.837833333
LVID,1.64048,-0.81,3.712833333
QCWF,2.24922,3.05,5.524333333
SADN,1.64466,-5.45,3.2661
NWHH,2.08447,1.02,7.45
DHNP,1.81075,-4.74,4.62105
VWPF,2.16171,4.12,5.821166667
RYFS,2.16736,0.15,9.0095
QKHT,1.81168,-3.93,9.055222222
VEKN,1.85381,-6.82,5.6837
PVVV,1.76023,1.24,5.832944444
FSIG,1.99137,1.22,5.798555556
LKSA,1.71656,-2.51,8.17095
VYLW,2.27172,4.51,5.775555556
VYVH,2.17028,1.52,7.2675
RKSD,1.71516,-8.71,8.23785
CVDA,1.64151,-3.66,3.2306
YMMT,1.99599,1.8,5.789222222
LAYA,1.82861,0.96,5.777277778
PIFL,1.90256,3.94,5.8285
LQEE,1.32878,-6.78,3.29745
MFAE,1.78089,-1.75,3.5251
PCTI,1.8292,0.75,5.554944444
VFSG,1.96422,0.56,5.805388889
GWYA,2.04164,1.15,5.782
QDAF,1.77211,-3.2,3.27535
GSPH,1.98331,-1.86,7.295555556
LWIW,2.32249,6.55,5.809888889
CMGD,1.5976,-4.1,3.2235
FMYV,2.1283,3.55,5.759722222
MLDQ,1.59439,-2.49,3.26375
PECL,1.65451,-2.5,3.4279
ATCK,1.68158,-3.53,7.4079
SDKS,1.97434,-7.36,6.141277778
NGHK,1.80346,-4.91,8.24895
TIWN,2.27232,2.11,5.807166667
CRER,1.60663,-7.23,7.5238
SAKW,2.09236,-1.67,9.054222222
ALFG,1.7592,1.31,5.808777778
DYNC,2.00329,-3.76,3.1993
DKKV,1.76474,-8.78,7.9638
VWTI,2.18565,3.42,5.809888889
QRVK,1.32116,-4.92,9.79785
MDAG,1.38667,-4.62,3.26575
AACY,1.84793,-0.27,5.581555556
PSEI,1.72392,-3.11,3.46115
AQVD,1.33804,-4.45,3.3392
LDPM,1.54036,-1.86,3.2642
AFWF,2.2995,5.01,5.822444444
YATP,2.01689,-0.18,5.796222222
VNAM,1.7154,-0.22,5.2325
MSCH,2.0457,0.12,7.004888889
EMGL,1.52969,-2.86,3.40595
HPVW,2.26138,2.3,7.206666667
GLTV,1.84063,0.31,5.806388889
AKHM,1.86076,-2.74,8.17035
KQSR,1.40952,-5.84,9.8102
TNRP,1.77919,-3.05,8.9189
IFSC,2.05163,2.39,5.542333333
LEET,1.41406,-6.26,3.2552
KCRR,1.21994,-6.4,9.714
YPAV,1.93392,0.53,5.791222222
RVWD,2.09469,-2.9,6.225277778
MWQE,2.0095,-1.64,3.916055556
HPLV,1.96201,1.46,7.202722222
TIYC,2.09549,1.6,5.565722222
WFTK,2.274,0.75,9.163388889
EQAN,1.1114,-5.75,3.40615
SRFM,1.95148,0.11,9.897833333
NCTS,2.05486,-1.54,5.525722222
QFWE,1.85547,-0.6,3.919611111
ALTY,1.94304,1.21,5.813888889
CNVH,2.13732,-0.48,6.983055556
SGVS,1.9391,-1.61,5.804388889
SCPE,1.78936,-4.21,3.5151
CHYG,2.12027,-0.53,6.916388889
YYQR,2.00134,-1.16,8.938944444
PWHQ,2.17868,1.07,7.275055556
YPNT,2.04742,-0.53,5.793055556
SNLN,1.96006,-0.91,5.2265
LPYC,1.91108,1.84,5.586222222
PQGV,1.74236,-1.6,5.2508
GNWD,1.90073,-3.55,3.709833333
KCHL,1.94299,-1.64,8.139388889
MQHI,1.95074,0.91,7.2325
WLEM,2.00534,0.38,3.837388889
VFYD,2.20929,-0.76,3.687
LCFQ,1.90044,2.21,5.524111111
VKMC,1.80842,-1.65,7.3957
MTWS,2.14553,2.05,5.811888889
VFPF,2.10721,3.74,5.819277778
CHGK,1.84873,-4.04,7.42
QFVI,1.91289,2.52,5.801333333
KDVR,1.7465,-7.79,8.23385
VDLN,1.71379,-2.78,3.2646
AEVN,1.32123,-4.52,3.4512
NPAE,1.19651,-5.12,3.5236
YCFL,2.15788,3.69,5.523666667
QEEQ,1.0932,-8.8,3.2579
FPNT,2.09337,0.47,5.809055556
SYVW,2.2502,2.8,5.764333333
NCQN,1.72774,-2.45,4.9759
AKWQ,1.87652,-1.98,8.1666
AAAC,1.47714,-1.48,5.0058
FEPE,1.60998,-5.69,3.2949
REFL,2.00902,-2.48,6.325777778
ILWA,1.93558,3.96,5.810888889
FKRC,1.84698,-2.88,8.4911
QNQC,1.55856,-2.37,5.0084
LFTN,2.09467,1.86,5.807444444
QFNI,1.91619,1.21,5.2228
HCMA,1.83412,0.08,6.908277778
KATS,1.88334,-4.01,8.13245
QWQT,1.94002,0.3,5.806611111
LVHS,2.05858,1.14,7.2405
TIWH,2.38759,2.85,7.293
NVGD,1.64158,-5.18,3.3395
FTAI,1.95773,2.08,5.801166667
AFPE,1.76533,-2.56,3.52405
MQLV,1.74892,1.61,5.2247
HSLD,1.94129,-2.96,5.122
SCVG,1.86373,-1.13,5.510833333
VNLV,1.87491,1.32,5.8055
YGIL,1.83506,1.93,5.7765
YRCE,1.86887,-4.71,6.092055556
HLGK,1.84694,-2.81,9.165277778
RTCT,1.84264,-2.29,8.2735
GRIS,1.67599,-2.3,8.92475
GDLC,1.56739,-3.52,3.2856
FFPG,2.10077,2.13,5.807777778
AAIF,1.78655,1.83,5.817833333
DQSK,1.92058,-7.67,5.5809
QMGE,1.32269,-4.88,3.5241
EGAK,1.62147,-8.08,5.7273
EKVY,2.05952,-5.26,5.6892
CCRS,1.89876,-2.23,7.14265
QYWW,2.30424,4.12,5.769444444
CKRL,1.49884,-3.34,8.4346
KVPD,1.89725,-6.12,5.58475
WAMG,1.83862,1.11,5.808555556
APSW,2.10778,0.99,5.823944444
HNDT,1.90907,-4.85,4.5994
LPPY,1.89879,1.68,5.826166667
WKTE,2.12716,-4.59,6.361611111
GETH,1.81156,-5.14,4.84995
AKNR,1.14274,-5.96,9.8097
DAGY,1.70712,-4.58,3.1995
NPMT,1.79735,-0.57,5.22845
FYFW,2.36444,6.22,5.764277778
EAEE,1.03206,-11.39,3.10865
PMRW,1.92551,0.81,9.9485
KTHA,1.88643,-3.66,9.0535
WQRF,2.12219,1.22,9.906666667
NNII,1.82063,0.54,5.22545
IHWA,2.19466,2.6,7.241055556
MPPQ,1.66674,-0.38,5.22965
WTFN,2.33858,2.7,5.802944444
WCCR,1.96554,0.32,8.022
LGKC,1.65692,-2.68,7.39635
PMSC,1.84402,0.09,5.571611111
PTMQ,1.72654,-0.49,5.2478
PKKM,1.49611,-5.07,8.9923
KYTN,1.91506,-3.19,8.799555556
IWNW,2.32103,4.45,5.814277778
VKVS,1.94787,-2.34,9.070555556
DNAL,1.58313,-3.74,3.21715
LLNF,1.97307,3.36,5.811611111
LFFP,1.97477,4.53,5.805666667
SWRF,2.22638,1.53,9.898222222
KAGW,1.91083,-2.36,9.033222222
LFAG,1.78837,1.31,5.806611111
CKSE,1.93399,-6.87,5.4775
GQKM,1.45496,-4.05,8.16735
GNEP,1.47572,-5.77,3.44585
IKEQ,1.76272,-6.08,5.6828
CNMI,1.83447,0.96,4.96235
CSGQ,1.80779,-2.36,4.9509
GNGS,1.77458,-3.61,5.22805
CYIH,2.09842,1.74,6.989055556
DHCR,2.07002,-5.54,6.2845
HTPS,2.12569,-0.96,7.207166667
INSP,1.89703,-0.33,5.2225
QHGE,1.54266,-5.66,4.8607
SMKE,1.90924,-6.22,5.72815
HHLP,2.14793,0.89,7.349388889
HTWN,2.13758,0.88,7.209722222
THED,1.67354,-7.63,3.85445
CSRL,1.81789,-1.0,7.4569
ILLV,1.76043,4.08,5.794111111
VMLQ,1.65456,1.61,5.22455
SAGM,1.6401,-1.44,5.228
KHQF,2.07165,-1.97,9.047
YISL,1.91615,2.62,5.775055556
HCHD,1.91329,-3.84,6.130388889
MLPQ,1.65811,1.01,5.22935
HEGC,1.83278,-4.87,4.7482
FSWR,2.23999,1.53,10.03461111
MYQP,1.92527,0.47,5.767555556
DAPS,1.67862,-4.74,3.21655
DKNL,1.9006,-6.04,5.5284
RLQE,1.75283,-4.96,5.75025
SVPM,1.86298,0.53,5.809777778
WWCE,1.99291,0.57,3.901055556
AMLK,1.58774,-1.38,8.25045
LQQQ,1.48052,-1.06,5.22315
VYCA,1.93299,0.69,5.551111111
MRGQ,1.42641,-3.06,8.9105
FIAH,2.05808,2.22,7.290444444
PSWF,2.31935,3.2,5.841277778
ETVT,1.76982,-3.67,3.4077
MHIF,2.19084,3.39,7.2225
CLTM,1.78722,1.69,5.500388889
RHHK,1.73163,-4.83,10.90033333
LAYH,2.05384,1.35,7.267055556
GKFT,1.93882,-2.49,9.072277778
HSST,2.17604,-1.28,7.205555556
SDAW,2.0427,-2.51,3.633277778
KPPI,1.75257,-1.96,8.1304
HGEL,1.79852,-3.64,4.7595
DSSL,1.82578,-3.31,3.2186
HKYH,2.18526,-2.31,8.901444444
RSGL,1.68768,-2.17,8.8909
ESQA,1.29228,-5.36,3.40705
WVLT,2.16194,3.55,5.803444444
NKSG,1.6978,-5.26,8.16315
ELFH,2.05009,-0.78,4.8012
GLYW,2.2172,2.9,5.779055556
CKFT,2.09847,-1.32,8.117
RVWM,1.99532,1.41,9.877
CFLW,2.24498,5.07,5.501388889
WDVQ,1.88097,-1.86,3.26165
RNYL,1.99204,-0.7,9.013333333
YHPD,2.12312,-3.18,5.166777778
MAGT,1.65147,-1.23,5.23015
KMLV,1.68038,-0.42,9.032722222
QSTD,1.66436,-5.12,3.34245
AFKF,2.05505,0.12,9.074888889
WCES,2.12452,-1.98,3.800222222
SNVN,1.9508,-1.7,5.2279
HFKA,1.97354,-1.7,8.1265
SFDC,2.03999,-2.37,3.652555556
GTVI,1.77895,0.18,5.2264
SGQF,2.04153,-0.67,5.805444444
MGSK,1.68125,-3.74,8.24905
YCNV,2.12649,0.34,5.537111111
IWHR,2.14867,1.29,10.03066667
DCLS,1.82222,-2.83,3.19905
NAKS,1.67916,-4.61,8.15935
YSSE,1.95251,-3.84,3.798611111
TNVK,1.91408,-3.44,8.24755
MSYW,2.25705,3.01,5.771222222
MSAT,1.87255,-0.54,5.23315
FHNQ,2.17033,-0.02,7.2295
YEQG,1.67635,-4.84,3.41695
CGCE,1.64581,-4.74,3.44625
WWIF,2.35527,7.01,5.806388889
LGCI,1.66202,1.24,5.5195
RLVI,1.72572,1.02,9.875333333
LFDV,1.86543,-0.22,3.629944444
DRVL,1.84088,-3.74,5.5385
DDHD,1.31832,-11.03,3.37275
EDCA,1.14438,-7.75,3.0935
SISW,2.28312,2.29,5.805555556
HTAR,1.89024,-2.67,9.03055
NRAW,1.80933,-1.07,8.92015
GYWV,2.17532,2.11,5.777277778
RAWQ,1.82609,-0.99,8.88965
IDCM,1.68445,-1.83,3.2456
ASSW,2.11759,0.67,5.819611111
AFKR,1.62697,-3.4,9.8097
PKTN,1.81143,-4.04,8.1944
DFSV,2.03256,-1.93,3.2191
TCWR,2.06944,0.05,8.357166667
NFNK,1.92565,-2.79,8.2458
MIDV,1.70506,-1.39,3.268
HHKR,1.77178,-4.83,9.81005
ERPA,1.60247,-6.08,5.70325
QFLG,1.84537,1.04,5.798111111
KPQC,1.66997,-3.69,7.4041
FDWD,1.96425,-3.48,3.409888889
RWYT,2.14344,0.74,9.012944444
TWDF,2.26886,-0.09,3.641277778
FWFK,2.2531,2.71,9.161666667
CSEG,1.66978,-5.22,3.4147
DPEQ,1.07593,-8.18,3.09025
FHPF,2.46652,3.17,7.227611111
YDIW,2.16887,0.28,3.585222222
KHYN,1.99381,-3.05,8.808277778
RCFW,1.91134,2.01,8.260722222
RVDV,1.67292,-4.53,5.54625
GYPA,1.85006,-1.08,5.20455
RHWL,2.13654,1.42,9.904055556
WHQW,2.28213,3.3,7.235666667
ITCH,2.12966,0.78,6.998055556
CSTR,1.96725,-2.5,7.5328
PYTM,1.99114,0.99,5.805388889
SIHI,2.04008,1.67,7.219388889
NCQE,1.47892,-5.23,3.51185
EPAS,1.5713,-4.73,3.4065
HDEH,1.55934,-7.49,4.6909
KGLT,1.7393,-2.95,8.12985
LYSQ,2.02835,0.73,5.769111111
ARTS,1.82642,-3.02,8.9298
QFTE,1.86596,-2.94,3.5268
MRTC,1.79092,-1.37,7.54955
IWHA,2.21523,2.6,7.243
CQHN,2.07711,-1.71,6.913277778
LGQC,1.71759,-0.65,4.99675
VPYH,2.19318,0.92,7.268388889
DQRW,2.00701,-4.13,6.166055556
MEAH,1.72137,-3.57,4.8492
KMGH,1.85618,-3.39,9.165277778
GKEY,1.91105,-6.87,6.323722222
EQHN,1.73177,-5.36,4.78415
QYHY,2.24433,0.54,7.269166667
VTPK,1.83049,-2.73,8.25105
YMCQ,1.85258,0.63,5.535611111
GLDN,1.53498,-4.39,3.2645
WIDL,1.96274,0.82,3.631277778
WQRF,2.12219,1.22,9.906666667
MAET,1.49061,-3.71,3.4514
EKTG,1.74036,-7.83,5.6769
DMYH,1.95505,-2.37,4.65415
FYEL,2.13806,0.04,3.802666667
KRWD,1.81413,-6.16,9.155444444
DENP,1.31853,-8.26,3.09045
MIPK,1.71291,-1.15,8.2467
AHTA,1.885,-1.36,6.5259
DEHR,1.85173,-9.19,4.8578
QSEA,1.28608,-5.36,3.458
DKSD,1.71991,-10.54,3.6762
MKHQ,1.80569,-3.01,8.1516
HTKW,2.06879,-1.07,9.030222222
MKWY,2.22997,0.67,8.906777778
DPSN,1.74137,-5.09,3.2157
QLTG,1.61565,-0.92,5.22045
AKFV,1.92629,-1.13,9.077555556
AIAQ,1.43695,-0.65,5.22865
PLVM,1.75064,2.24,5.829277778
LGYW,2.20825,2.9,5.777388889
EYFD,1.7965,-4.85,3.1012
KWYA,2.05466,-0.5,8.799444444
YVAP,1.96766,0.53,5.795277778
SLEA,1.54166,-3.34,3.4577
CRRC,1.47064,-3.58,7.9814
GWQR,1.80723,-1.64,9.03165
NGRH,1.86861,-3.92,8.97775
EGPN,1.41567,-5.77,3.40515
GTWS,2.15371,0.23,5.808277778
IDMQ,1.52401,-2.62,3.26245
AMIW,1.93074,3.38,5.818888889
HSGL,1.98538,-0.47,7.200111111
NRGI,1.64607,-2.69,8.9204
ECLY,1.92314,-1.65,3.3793
CKSY,2.09428,-2.53,8.227222222
YFFD,2.31176,0.49,3.583888889
MCRF,1.88145,0.59,8.292055556
FPLM,1.84404,3.49,5.807333333
FLMM,1.86955,4.3,5.805777778
AAEG,1.06172,-5.78,3.45365
MCKF,1.90912,-0.4,8.136166667
ACDP,1.57542,-4.26,3.2399
MNNN,1.75079,-1.88,5.2292
ECLM,1.62541,-1.69,3.3773
SVAP,1.79001,-0.64,5.810444444
IESD,1.51367,-6.61,3.1746
PMKV,1.74108,-1.81,8.1955
DLCR,1.87171,-4.18,5.3186
ITEK,1.88999,-5.56,5.7219
YWHR,2.067,0.88,9.1125
HQPR,1.87023,-2.83,9.02815
KMDV,1.90982,-5.31,5.53
KVQL,1.66205,-1.86,8.1287
CTDM,1.78532,-3.2,3.22155
YCGW,2.31338,1.67,5.533666667
PTRS,1.86085,-2.66,9.948055556
IKFE,2.02339,-3.6,6.3545
NMYG,1.93579,-0.62,5.776111111
NSGV,1.87608,-2.0,5.22195
KNWQ,1.92614,-2.33,8.12775
YDYM,2.12555,-1.55,3.581055556
IEDG,1.27944,-7.3,3.1325
QKMI,1.61269,-1.78,8.1496
GRDE,1.46703,-10.23,3.8849
FMRD,2.00868,-3.07,6.210888889
GFHI,2.08658,1.57,7.241722222
LNWE,1.98508,-1.14,3.915888889
WIYK,2.13189,1.12,8.907944444
TGTP,1.84345,-1.79,5.805611111
VILT,1.88949,2.58,5.798555556
TFLM,1.98392,3.38,5.808
RGDG,1.66176,-7.75,5.54615
YCMN,1.99435,0.55,5.538722222
EYQE,1.33265,-7.32,3.21915
HAWD,1.97049,-2.16,5.137055556
NCPP,1.70536,-1.11,4.96895
VLDT,1.81572,-2.18,3.26445
YWLL,2.16027,5.3,5.781055556
MCSG,1.79936,-0.92,4.9629
VGVL,1.75417,1.02,5.805333333
FVCN,2.02184,1.34,5.510888889
ENHH,1.87227,-4.7,5.6029
RHIC,1.93759,-0.78,8.379222222
TPSS,2.16853,-1.31,5.810277778
SDLG,1.64169,-4.0,3.2683
YWEA,2.00953,-1.33,3.801333333
ANKH,1.77799,-4.26,8.23325
AIGI,1.57908,0.59,5.22405
ILTS,1.85308,1.66,5.798555556
MCVM,1.71109,1.82,5.520722222
FPFD,1.96006,-0.36,3.706111111
CYIV,1.96786,2.31,5.524444444
HNDE,1.52552,-8.23,3.8047
VCVI,1.8349,2.06,5.523888889
RCSV,1.8196,-1.79,7.4433
IKTN,1.77799,-2.78,8.1666
SQVH,2.13939,-0.88,7.289777778
PKFY,2.06199,-0.52,8.909166667
VKSE,1.8909,-6.43,5.72175
DRLF,2.09123,-2.49,5.53695
ERDE,1.23424,-12.71,3.59975
KHIL,1.89143,-0.54,9.048555556
MYLS,2.03068,2.17,5.759555556
PSSP,1.90895,-1.2,5.834666667
WPRQ,1.90721,-0.63,8.91565
MRRD,1.60952,-6.59,8.8357
WTIK,2.05212,0.16,9.165944444
NYLF,1.9719,2.82,5.773944444
CTSY,2.1908,0.02,5.535
QGYS,2.0809,-1.67,5.762555556
GNEM,1.46484,-4.96,3.45335
FLGG,1.86244,0.66,5.796333333
WILY,2.21051,5.17,5.810055556
RGQR,1.34744,-5.54,10.5092
CNKM,1.69908,-2.96,7.30745
AYHP,2.15686,-0.04,7.212833333
FGMF,2.0976,2.94,5.801833333
LAIG,1.54652,0.72,5.2236
DREI,1.65024,-7.96,3.80095
IFDW,2.12445,1.28,3.633055556
PFIA,1.86617,2.19,5.8395
NISP,1.84147,-0.33,5.22345
AINE,1.43998,-3.86,3.5239
TFGN,2.04448,-0.54,5.805333333
HYGK,2.054,-3.35,8.912333333
WGAI,1.98324,1.56,5.804333333
HNQR,1.82188,-3.54,9.02825
DGSM,1.60851,-4.58,3.21685
CKGH,1.9144,-4.04,8.236555556
SRIP,1.82491,-1.29,8.9125
FTIK,2.08974,-0.22,9.165222222
KDTT,2.08504,-6.94,5.52565
HCKG,1.8765,-4.04,7.31205
WNTQ,1.94011,0.22,5.807444444
RSRP,1.60933,-4.22,10.4823
PMNI,1.74033,0.8,5.2549
AAIL,1.58433,1.37,5.2323
WYGS,2.29635,1.19,5.763777778
NFDR,2.09449,-4.59,5.6011
PAKP,1.63903,-3.58,8.19955
GKAW,1.90204,-2.36,8.16725
KAAI,1.56984,-2.68,8.13125
PNDA,1.31039,-5.13,3.27205
KHTN,1.9309,-4.01,9.05
LEDY,1.6403,-5.31,3.15625
NMHE,1.84333,-3.92,4.85995
LCSI,1.82843,1.93,5.517944444
AIRY,1.88259,-0.48,9.108944444
DWAG,1.8366,-3.2,3.21725
PRGN,1.57883,-3.95,8.9526
GQAQ,1.15645,-3.19,5.22765
LESQ,1.53911,-3.61,3.4497
DWFH,2.17546,0.05,5.175
YWRD,2.24577,-2.65,6.1785
QIMI,1.63802,2.14,5.22165
NKHP,1.97239,-3.9,8.16645
QGDD,1.22054,-9.2,3.07325
EMLN,1.6702,-2.56,3.40675
NTMF,2.10751,1.28,5.813888889
QPKR,1.23373,-5.52,9.8097
DKHF,2.14728,-4.84,7.168111111
RFVI,1.88694,1.48,9.874388889
EHPT,1.9497,-4.13,4.77925
IRCF,2.01584,1.04,8.298277778
CHLV,2.02884,1.62,6.901222222
KFKD,1.92519,-7.53,8.0796
INPR,1.69487,-1.68,9.0303
SCTG,1.90138,-1.84,5.513888889
QTTS,1.79219,-1.73,5.803555556
HKFS,2.1691,-1.66,9.025222222
VKNH,1.92254,-3.3,9.146611111
TQKF,1.93417,-2.11,9.055
EKVF,2.00533,-4.26,5.67645
KSHI,2.03903,-2.25,9.051888889
RMKY,1.74149,-3.23,9.00955
CYPG,1.89267,-0.56,5.536166667
WENN,1.86063,-3.24,3.45045
KDFH,2.31704,-4.84,7.258833333
HSAH,2.21394,-1.18,7.456277778
ALIS,1.76072,1.41,5.801833333
KGCP,1.66711,-4.07,7.30985
YFNR,2.07743,-0.24,9.105
FHCS,2.26181,1.16,6.935666667
RSDA,1.85833,-6.41,5.54575
NDHT,1.9557,-4.85,4.6488
GSIP,1.77416,-0.63,5.2223
WVEK,2.00496,-3.88,6.367333333
CYPC,2.01224,0.61,5.464833333
DERE,1.23428,-12.71,3.59325
IYPS,2.00698,1.23,5.774888889
YEKS,2.09215,-6.18,6.261833333
QPKF,1.87703,-2.0,8.1457
PKRP,1.52266,-4.89,9.7702
PHQI,1.95574,0.1,7.274888889
NAEH,1.73325,-5.09,4.84895
YQGM,1.82854,-0.54,5.786333333
FRET,2.12984,-3.98,6.329166667
SWVK,2.07972,-0.71,9.1635
WWVL,2.33486,5.89,5.804
KPDW,2.11718,-4.49,6.151222222
KWNN,1.95898,-2.41,8.1286
VEKW,2.10303,-3.88,6.316888889
QPQW,1.99867,0.41,5.2263
MQMA,1.55107,0.07,5.23185
QRDW,1.98904,-4.13,6.166833333
GQVR,1.53805,-3.27,9.0317
DLQD,1.26806,-6.8,2.9959
QHYP,2.08376,-0.31,7.187888889
FGTV,2.00068,0.77,5.804
RDEM,1.52785,-8.41,3.80595
ALQV,1.66145,0.44,5.23105
PHDY,2.05872,-3.18,5.181277778
VNMA,1.70695,-0.22,5.23585
IVMW,2.00293,4.34,5.811333333
TPMM,1.78518,0.95,5.2337
RFYH,2.14573,0.5,9.115611111
LTLT,1.85082,2.0,5.802222222
LYRS,1.90753,-0.31,9.019388889
GLFF,2.06986,3.52,5.811111111
RSKA,1.33847,-5.57,9.7596
SSEY,2.03338,-3.84,3.858777778
AAKH,1.75344,-3.91,8.23575
FMLQ,1.92952,2.86,5.8045
ESIT,1.85439,-3.22,3.4082
YLET,1.97181,-1.92,3.789722222
FIDQ,1.8585,-1.58,3.2601
RYLI,1.80582,1.27,9.005111111
AWWP,2.29879,3.54,5.816777778
EPYH,1.89306,-3.17,4.81055
LVQR,1.66683,-0.87,9.03135
TPYM,2.00628,0.99,5.770444444
GIWD,1.99568,-1.58,3.712111111
NYEI,1.79857,-2.65,3.42635
SEWA,1.96236,-2.5,3.840888889
QKTS,1.83732,-4.28,8.14665
MYGS,2.05686,-0.23,5.763111111
ADNY,1.81845,-4.28,3.28545
WRSC,2.07263,-0.16,8.390666667
DWDT,1.85964,-5.44,2.99875
ATEN,1.45769,-5.23,3.45105
WELW,2.18209,1.8,3.839944444
CLYN,2.04539,1.13,5.528833333
DETN,1.41767,-8.37,3.0906
TYAY,2.17222,0.67,5.824944444
KIQK,1.41997,-5.25,9.0712
SITY,2.10216,1.12,5.809
CAMI,1.66428,1.31,4.95165
DYLT,2.08924,-1.93,3.2003
LYTT,2.12603,1.46,5.773611111
VIQP,1.79786,0.67,5.802166667
EKKI,1.6432,-8.11,7.9633
MKYT,2.04996,-1.67,8.814333333
STHH,2.27531,-0.93,7.453388889
ASMK,1.64807,-3.09,8.25195
TFNY,2.26196,1.32,5.814333333
IYIY,2.11306,3.66,5.817388889
EEDK,1.25537,-13.7,3.5916
HVFS,2.23019,1.6,7.200111111
VGSY,1.99701,-0.44,5.812777778
KEHG,1.98354,-7.69,6.44565
RGRF,1.72403,-3.06,10.4823
VHDK,2.14913,-6.09,6.5349
GPSW,1.98859,0.34,5.817666667
NCAN,1.64466,-2.18,4.9747
KRLV,1.57658,-2.9,9.77965
QATN,1.63109,-2.37,5.227
YYTF,2.28222,2.88,5.7835
DGIS,1.71291,-4.13,3.21895
RETG,1.82527,-6.84,5.69735
IHSG,1.9885,-0.6,7.238555556
PGMQ,1.62708,-1.39,5.24495
AMDA,1.26483,-3.97,3.26645
TNAD,1.64159,-5.24,3.34175
CEVG,1.58558,-4.3,3.4145
GEHC,1.89003,-4.87,4.7979
GIYW,2.1417,2.77,5.782388889
RCLR,1.5377,-2.35,9.16085
QKWY,2.08696,-0.77,8.907111111
TFPY,2.24542,2.03,5.816833333
MWYF,2.33208,5.18,5.774277778
YEDC,1.62187,-6.54,3.0953
SYLE,1.99856,-2.13,3.903388889
HKNQ,1.80781,-4.53,8.1226
QERG,1.6567,-7.36,5.69975
QHCG,1.82933,-2.01,6.2366
IVKE,1.84518,-4.85,5.7209
SPSY,2.12507,-0.35,5.821944444
DEML,1.51882,-5.35,3.09015
FWQC,2.30643,3.05,5.558444444
IGVQ,1.62167,-0.34,5.2208
YHYV,2.4523,1.77,7.175222222
YTNM,2.07576,0.28,5.786111111
CSCA,1.828,-0.92,4.9109
DYFG,1.9682,-2.37,3.555277778
LDLY,1.95169,-0.43,3.651444444
DIRG,1.76258,-5.48,5.53775
GWDW,1.95902,-0.61,3.631666667
KKFQ,1.71316,-4.66,8.98925
QPWW,2.27715,3.27,5.809722222
WNMF,2.31928,3.62,5.811555556
TSYT,2.12386,-0.25,5.764722222
VHKF,2.17357,-0.74,9.071722222
GYMC,1.87483,0.25,5.583
SQNN,1.96905,-2.93,5.2291
QISC,1.76941,-0.09,4.9969
WDCS,2.12254,-1.99,3.603166667
SQCG,1.70173,-2.36,4.96335
GVGK,1.59432,-4.64,8.2502
TKMT,1.84611,-2.63,9.057777778
LIVC,1.7915,2.85,5.542388889
ILHF,2.08233,3.97,7.233833333
HVNM,2.02975,0.17,7.208388889
INQP,1.72765,-0.64,5.22425
HRVW,2.10005,0.63,9.849777778
SRPQ,1.65575,-3.18,8.90735
AWLA,1.93772,2.34,5.821666667
FGDN,1.96519,-3.93,3.25955
DATE,1.20169,-8.02,3.0867
CFKC,2.0632,-1.05,7.922055556
KYDN,2.00764,-6.58,6.103888889
MQVL,1.73805,1.61,5.2247
ADQE,1.05709,-8.54,3.16155
MPFY,2.01738,2.95,5.823555556
THIT,2.16865,0.51,7.226777778
SGGV,1.77358,-2.3,5.805555556
LLVE,1.65089,-0.67,3.915222222
QHSV,1.96937,-0.88,7.222555556
LAFD,1.77773,-1.18,3.711333333
FCGK,1.91336,-2.22,8.2275
GFGI,1.81168,0.53,5.809277778
ECHI,1.94621,-2.6,4.7551
SHSG,2.15574,-2.18,7.225111111
AYQR,1.80632,-2.37,8.20105
WKVP,1.94433,-0.39,9.0685
TAGY,1.97782,-1.19,5.813222222
FLCQ,1.91204,2.21,5.5095
CADK,1.82049,-6.92,5.3383
WIYG,2.19536,2.77,5.764
AWHS,2.20128,1.02,7.250833333
SSYL,2.13028,1.04,5.757111111
EAFK,1.94885,-5.22,5.7254
CPMG,1.72383,-0.6,4.96745
LACD,1.61621,-2.87,3.3219
DGCH,1.81371,-4.88,4.64365
LMMD,1.67995,-1.05,3.3397
LDFK,2.02573,-3.48,6.1945
SWCW,2.25962,3.74,5.524777778
GWHL,2.19814,2.08,7.244333333
EVNC,1.63809,-4.0,3.3777
TYMM,1.95932,1.8,5.768
TRFS,2.08445,-0.81,9.901611111
FNKS,2.08564,-2.4,8.151
FHSY,2.49625,1.85,7.256444444
SAEC,1.65421,-4.57,3.4722
CIHY,2.17227,1.74,6.969555556
KQKI,1.44245,-5.25,8.99185
MKRD,1.56886,-7.58,8.1989
YRPC,1.96436,-1.22,8.330666667
WKKK,1.53138,-6.31,9.3062
HKEM,1.96179,-5.87,6.4517
SSDL,1.78198,-3.31,3.2701
EDTY,1.71668,-6.81,3.0934
TKDC,1.9721,-6.67,5.3276
IHVY,2.14322,2.18,7.251444444
TQDY,1.88321,-3.95,3.654277778
RFFI,2.06881,2.73,9.874388889
WMKR,1.72695,-1.85,9.8097
MEIR,1.73955,-3.65,5.74805
VHHT,2.35635,-0.01,7.395388889
DCPP,1.64873,-3.9,3.19835
SGQA,1.71851,-2.88,5.2288
THAW,2.17467,1.23,7.231944444
RFCV,1.84567,0.38,8.260055556
AHSS,2.0501,-1.53,7.246833333
MEVM,1.63555,-1.83,3.4538
MGDK,1.76505,-6.92,5.58105
GGKI,1.64391,-3.98,8.1716
KKMD,1.69199,-8.57,8.0802
WLIM,2.04832,5.13,5.800222222
NAYI,1.92111,0.48,5.770611111
NIPC,1.84341,0.15,5.004
YANN,1.97965,-1.49,5.2138
SNEV,1.82052,-4.48,3.45645
GDDS,1.36891,-8.89,3.0367
FDQN,1.85745,-3.55,3.25945
LIRC,1.71807,0.58,7.54405
QRMY,1.90766,-1.2,8.1997
RRAW,1.66103,-2.03,10.4823
HKFN,2.06833,-2.05,9.025277778
LYVA,1.97846,1.92,5.772833333
WVCG,2.03987,1.42,5.521
GMDS,1.56486,-4.58,3.2631
SRLI,1.73051,0.1,8.91
KADC,1.78396,-6.92,5.33735
PEID,1.45244,-6.29,3.1796
FVRQ,1.82444,-0.41,8.9111
NRMW,1.80417,0.1,9.911222222
VRQQ,1.46494,-2.89,8.9235
TPKR,1.5363,-5.0,9.8097
FFPA,2.05102,2.78,5.812555556
QDIT,1.71485,-3.54,3.26625
WVRV,2.0304,1.2,9.908611111
YLAW,2.13186,3.55,5.782888889
HNCA,1.95103,-1.44,6.21825
SVWL,2.22943,3.34,5.805444444
NKQT,1.6963,-4.67,8.1586
THNH,2.13677,-1.32,7.450666667
WLIQ,1.98893,3.69,5.797
IVSG,1.78,-0.03,5.801444444
KTWE,2.10843,-4.59,6.364944444
VIRA,1.61815,-0.73,8.92765
WSST,2.32761,0.92,5.804777778
FAAI,1.84212,1.83,5.804444444
HPDQ,1.68286,-4.66,4.6009
VVHP,2.07048,0.67,7.243777778
QVTC,1.85914,-0.54,5.0024
WVPL,2.07304,3.66,5.805222222
CNPR,1.71322,-2.78,7.533
VDAP,1.58083,-3.82,3.2581
GCER,1.73193,-6.57,5.48325
PPEH,1.82163,-4.02,4.8542
VSHY,2.17995,0.6,7.259666667
FWDY,2.30923,0.87,3.648055556
PYME,1.80362,-2.39,3.908666667
RNCV,1.69868,-2.18,7.44355
PFAP,1.86113,0.93,5.837277778
NMCI,1.74613,0.96,4.975
NTDS,1.84175,-5.2,3.26465
YTGI,2.00447,0.43,5.776611111
ADVV,1.66882,-3.22,3.26565
WQRD,1.93599,-4.13,6.208722222
GDRG,1.58167,-7.75,5.5511
HGVF,2.08586,0.91,7.200222222
EIGN,1.5711,-4.51,3.40585
EWNK,1.95993,-5.19,5.73245
WDTT,2.05805,-2.05,3.625111111
VQIP,1.81212,0.67,5.803611111
YKKN,1.62478,-5.74,8.68725
WFTR,2.17505,1.74,10.03305556
VSAK,1.74478,-3.3,8.2514
SFRM,1.9589,0.11,9.898666667
QVIH,1.94915,0.7,7.291222222
NDMK,1.84795,-6.62,5.5816
IFYH,2.34872,3.43,7.265222222
IMCK,1.75534,-0.99,7.40575
IGDL,1.55392,-2.42,3.26835
VPCE,1.63358,-3.29,3.51195
KKYY,1.89032,-4.18,9.524388889
FYGF,2.37098,2.98,5.7645
